time_days,delta_NO₃_alk,delta_NO₃_small_dt,delta_NH₄_alk,delta_NH₄_small_dt,delta_P_alk,delta_P_small_dt,delta_Z_alk,delta_Z_small_dt,delta_DOM_alk,delta_DOM_small_dt,delta_sPOM_alk,delta_sPOM_small_dt,delta_bPOM_alk,delta_bPOM_small_dt,delta_DIC_alk,delta_DIC_small_dt,delta_Alk_alk,delta_Alk_small_dt
0.0,0.0,0.0,0.0,0.0,0.0,0.0,0.0,0.0,0.0,0.0,0.0,0.0,0.0,0.0,0.0,0.0,100.0,0.0
1.0,2.384185791015625e-7,0.0,4.716217517852783e-6,0.0,2.086162567138672e-7,0.0,-1.434236764907837e-7,0.0,0.0002893913188017905,0.0,0.0002702681813389063,0.0,0.00027026835596188903,0.0,0.0,0.0,100.0,0.0
2.0,4.76837158203125e-7,0.0,1.8753111362457275e-5,0.0,7.897615432739258e-7,0.0,-5.494803190231323e-7,0.0,0.0005885412101633847,0.0,0.0005373702151700854,0.0,0.0005373715539462864,0.0,0.000244140625,0.0,100.0,0.0
3.0,2.1457672119140625e-6,0.0,4.193931818008423e-5,0.0,1.7136335372924805e-6,0.0,-1.1883676052093506e-6,0.0,0.0008978244150057435,0.0,0.0008030966855585575,0.0,0.0008031011093407869,0.0,0.00048828125,0.0,100.000244140625,0.0
4.0,5.4836273193359375e-6,0.0,7.413327693939209e-5,0.0,2.942979335784912e-6,0.0,-2.035871148109436e-6,0.0,0.0012178004253655672,0.0,0.001069368445314467,0.0,0.0010693783406168222,0.0,0.00048828125,0.0,100.00048828125,0.0
5.0,1.049041748046875e-5,0.0,0.00011518225073814392,0.0,4.462897777557373e-6,0.0,-3.0761584639549255e-6,0.0,0.0015492273960262537,0.0,0.0013382683973759413,0.0,0.00133828679099679,0.0,0.001220703125,0.0,100.00048828125,0.0
6.0,1.811981201171875e-5,0.0,0.00016492605209350586,0.0,6.295740604400635e-6,0.0,-4.295259714126587e-6,0.0,0.0018930785590782762,0.0,0.0016120794462040067,0.0,0.0016121095977723598,0.0,0.001708984375,0.0,100.0009765625,0.0
7.0,2.8848648071289062e-5,0.0,0.00022315792739391327,0.0,8.538365364074707e-6,0.0,-5.6871213018894196e-6,0.0,0.002250558929517865,0.0,0.0018933260580524802,0.0,0.0018933718092739582,0.0,0.001953125,0.0,100.0009765625,0.0
8.0,4.3392181396484375e-5,0.0,0.0002895258367061615,0.0,1.1466443538665771e-5,0.0,-7.2498805820941925e-6,0.0,0.00262311939150095,0.0,0.0021848210599273443,0.0,0.0021848867181688547,0.0,0.0029296875,0.0,100.00146484375,0.0
9.0,6.186962127685547e-5,0.0,0.00036327168345451355,0.0,1.583993434906006e-5,0.0,-8.985865861177444e-6,0.0,0.003012457862496376,0.0,0.0024897106923162937,0.0,0.002489800564944744,0.0,0.00341796875,0.0,100.001708984375,0.0
10.0,8.499622344970703e-5,0.0,0.0004424192011356354,0.0,2.3692846298217773e-5,0.0,-1.0901596397161484e-5,0.0,0.003420477267354727,0.0,0.0028115026652812958,0.0,0.00281162210740149,0.0,0.00439453125,0.0,100.001953125,0.0
11.0,0.00011289119720458984,0.0,0.000520654022693634,0.0,4.166364669799805e-5,0.0,-1.3006851077079773e-5,0.0,0.0038490938022732735,0.0,0.003154028905555606,0.0,0.003154183505102992,0.0,0.005126953125,0.0,100.00244140625,0.0
12.0,0.00014472007751464844,0.0,0.0005701305344700813,0.0,9.860098361968994e-5,0.0,-1.5301164239645004e-5,0.0,0.004299405962228775,0.0,0.0035211441572755575,0.0,0.0035213399678468704,0.0,0.005859375,0.0,100.0029296875,0.0
13.0,0.00017189979553222656,0.0,0.00040167238330468535,0.0,0.0003886371850967407,0.0,-1.7705373466014862e-5,0.0,0.0047668879851698875,0.0,0.003915085457265377,0.0,0.003915329929441214,0.0,0.005126953125,0.0,100.002685546875,0.0
14.0,0.00016367435455322266,0.0,4.750998050440103e-5,1.4551915228366852e-11,0.0009041875600814819,0.0,-1.9898172467947006e-5,0.0,0.005230977199971676,0.0,0.004328753333538771,0.0,0.0043290541507303715,0.0,0.002685546875,0.0,100.00244140625,0.0
15.0,0.00013649463653564453,0.0,3.4188091376563534e-5,7.275957614183426e-12,0.0011123120784759521,0.0,-2.2017862647771835e-5,0.0,0.005708605982363224,0.0,0.004750034771859646,0.0,0.004750399850308895,0.0,0.00244140625,0.0,100.002685546875,0.0
16.0,0.00010120868682861328,0.0,3.438653584453277e-5,0.0,0.0013275146484375,0.0,-2.4170149117708206e-5,0.0,0.006212462205439806,0.0,0.005179169122129679,0.0,0.005179607309401035,0.0,0.00244140625,0.0,100.0029296875,0.0
17.0,5.710124969482422e-5,0.0,3.4597309422679245e-5,0.0,0.0015645623207092285,0.0,-2.6349443942308426e-5,0.0,0.006743480451405048,0.0,0.005618935916572809,0.0,0.005619456060230732,0.0,0.00244140625,0.0,100.003662109375,0.0
18.0,2.2649765014648438e-6,0.0,3.4730754123302177e-5,0.0,0.0018253475427627563,0.0,-2.85501591861248e-5,0.0,0.007302615325897932,0.0,0.006072364281862974,0.0,0.006072974763810635,0.0,0.002197265625,0.0,100.004150390625,0.0
19.0,-6.473064422607422e-5,0.0,3.479002043604851e-5,0.0,0.0021117180585861206,0.0,-3.076856955885887e-5,0.0,0.007891129702329636,0.0,0.0065427361987531185,0.0,0.00654344679787755,0.0,0.001953125,0.0,100.004638671875,0.0
20.0,-0.00014591217041015625,0.0,3.4779717680066824e-5,0.0,0.002425745129585266,0.0,-3.300560638308525e-5,0.0,0.008510617539286613,0.0,0.007033626548945904,0.0,0.00703444704413414,0.0,0.001708984375,0.0,100.0048828125,0.0
21.0,-0.00024318695068359375,0.0,3.470523370197043e-5,0.0,0.002769649028778076,0.0,-3.5264063626527786e-5,0.0,0.00916302390396595,0.0,0.007548950612545013,0.0,0.007549890782684088,0.0,0.00146484375,0.0,100.005615234375,0.0
22.0,-0.0003590583801269531,0.0,3.457248749327846e-5,0.0,0.003145858645439148,0.0,-3.754906356334686e-5,0.0,0.009850682690739632,0.0,0.008093015290796757,0.0,0.00809408724308014,0.0,0.000732421875,0.0,100.006103515625,0.0
23.0,-0.0004962682723999023,0.0,3.4387758205411956e-5,0.0,0.003556951880455017,0.0,-3.986945375800133e-5,0.0,0.010576343163847923,0.0,0.008670580573379993,0.0,0.008671796880662441,0.0,0.0,0.0,100.0068359375,0.0
24.0,-0.0006576776504516602,0.0,3.415748869883828e-5,0.0,0.004005745053291321,0.0,-4.2236875742673874e-5,0.0,0.01134321466088295,0.0,0.009286927990615368,0.0,0.009288301691412926,0.0,-0.00048828125,0.0,100.007568359375,0.0
25.0,-0.0008463859558105469,0.0,3.388822733541019e-5,0.0,0.0044953227043151855,0.0,-4.466623067855835e-5,0.0,0.012155009433627129,0.0,0.009947936050593853,0.0,0.009949483908712864,0.0,-0.001708984375,0.0,100.00830078125,0.0
26.0,-0.0010663270950317383,0.0,3.358651156304404e-5,0.0,0.005028963088989258,0.0,-4.7176145017147064e-5,0.0,0.01301600132137537,0.0,0.010660167783498764,0.0,0.010661907494068146,0.0,-0.0029296875,0.0,100.009033203125,0.0
27.0,-0.0013211965560913086,0.0,3.325877332827076e-5,0.0,0.005610257387161255,0.0,-4.978966899216175e-5,0.0,0.013931077904999256,0.0,0.011430970393121243,0.0,0.011432922445237637,0.0,-0.004150390625,0.0,100.010009765625,0.0
28.0,-0.001615762710571289,0.0,3.291132816229947e-5,0.0,0.006243020296096802,0.0,-5.253567360341549e-5,0.0,0.014905819669365883,0.0,0.012268587946891785,0.0,0.012270776554942131,0.0,-0.005859375,0.0,100.0107421875,0.0
29.0,-0.00195467472076416,0.0,3.255029150750488e-5,0.0,0.006931334733963013,0.0,-5.54483849555254e-5,0.0,0.01594657450914383,0.0,0.013182281516492367,0.0,0.013184735551476479,0.0,-0.0078125,0.0,100.01171875,0.0
30.0,-0.0023431777954101562,0.0,3.218158599338494e-5,0.0,0.007679641246795654,0.0,-5.857064388692379e-5,0.0,0.017060548067092896,0.0,0.014182478189468384,0.0,0.014185230247676373,0.0,-0.010009765625,0.0,100.012939453125,0.0
31.0,-0.002787351608276367,0.0,3.1810890504857525e-5,0.0,0.00849255919456482,0.0,-6.195437163114548e-5,0.0,0.018255911767482758,0.0,0.015280921012163162,0.0,0.015284011140465736,0.0,-0.0126953125,0.0,100.013916015625,0.0
32.0,-0.0032935142517089844,0.0,3.1443662010133266e-5,0.0,0.009375035762786865,0.0,-6.566313095390797e-5,0.0,0.01954190991818905,0.0,0.016490845009684563,0.0,0.016494322568178177,0.0,-0.015625,0.0,100.01513671875,0.0
33.0,-0.0038684606552124023,0.0,3.1085106456885114e-5,0.0,0.010332256555557251,0.0,-6.977608427405357e-5,0.0,0.02092899940907955,0.0,0.017827175557613373,0.0,0.017831096425652504,0.0,-0.01904296875,0.0,100.01611328125,0.0
34.0,-0.004519820213317871,0.0,3.07402151520364e-5,0.0,0.011369556188583374,0.0,-7.439078763127327e-5,0.0,0.02242899313569069,0.0,0.01930672489106655,0.0,0.01931115984916687,0.0,-0.02294921875,0.0,100.017578125,0.0
35.0,-0.005255460739135742,0.0,3.0413735657930374e-5,0.0,0.012492626905441284,0.0,-7.962947711348534e-5,0.0,0.02405521646142006,0.0,0.020948436111211777,0.0,0.020953470841050148,0.0,-0.027587890625,0.0,100.019287109375,0.0
36.0,-0.006084084510803223,0.0,3.0110229999991134e-5,0.0,0.013707011938095093,0.0,-8.564582094550133e-5,0.0,0.025822700932621956,0.0,0.022773608565330505,0.0,0.022779347375035286,0.0,-0.032470703125,0.0,100.02099609375,0.0
37.0,-0.007014751434326172,0.0,2.983404920087196e-5,0.0,0.015018433332443237,0.0,-9.263353422284126e-5,0.0,0.027748368680477142,0.0,0.02480616420507431,0.0,0.024812739342451096,0.0,-0.038330078125,0.0,100.022705078125,0.0
38.0,-0.00805675983428955,0.0,2.9589402402052656e-5,0.0,0.016432613134384155,0.0,-0.00010083918459713459,0.0,0.02985125593841076,0.0,0.02707289718091488,0.0,0.027080468833446503,0.0,-0.04443359375,0.0,100.024658203125,0.0
39.0,-0.009220242500305176,0.0,2.9380356863839552e-5,0.0,0.017954915761947632,0.0,-0.00011057988740503788,0.0,0.032152749598026276,0.0,0.029603730887174606,0.0,0.029612503945827484,0.0,-0.0517578125,0.0,100.02685546875,0.0
40.0,-0.010514974594116211,0.0,2.9210887078079395e-5,0.0,0.01959046721458435,0.0,-0.00012226332910358906,0.0,0.034676823765039444,0.0,0.032431960105895996,0.0,0.03244218975305557,0.0,-0.059814453125,0.0,100.029052734375,0.0
41.0,-0.011951088905334473,0.0,2.90848984150216e-5,0.0,0.021343737840652466,0.0,-0.00013641896657645702,0.0,0.03745031729340553,0.0,0.03559444844722748,0.0,0.035606466233730316,0.0,-0.06884765625,0.0,100.03173828125,0.0
42.0,-0.013538241386413574,0.0,2.9006265322095715e-5,0.0,0.023218631744384766,0.0,-0.0001537397038191557,0.0,0.040503185242414474,0.0,0.039131782948970795,0.0,0.03914601355791092,0.0,-0.078369140625,0.0,100.03466796875,0.0
43.0,-0.015285372734069824,0.0,2.8978891350561753e-5,0.0,0.025217890739440918,0.0,-0.00017513521015644073,0.0,0.043868761509656906,0.0,0.04308834671974182,0.0,0.04310532659292221,0.0,-0.089111328125,0.0,100.037841796875,0.0
44.0,-0.017200589179992676,0.0,2.9006741897319444e-5,-3.637978807091713e-12,0.02734297513961792,0.0,-0.00020181061699986458,0.0,0.04758402332663536,0.0,0.047512222081422806,0.0,0.04753267019987106,0.0,-0.10107421875,0.0,100.04150390625,0.0
45.0,-0.019289851188659668,0.0,2.9093900593579747e-5,0.0,0.029593944549560547,0.0,-0.0002353680320084095,0.0,0.05168980732560158,0.0,0.05245500057935715,0.0,0.05247984081506729,0.0,-0.114013671875,0.0,100.04541015625,0.0
46.0,-0.021557211875915527,0.0,2.9244642064440995e-5,0.0,0.03196895122528076,0.0,-0.00027795229107141495,0.0,0.05623098835349083,0.0,0.05797126889228821,0.0,0.05800173804163933,0.0,-0.127685546875,0.0,100.050048828125,0.0
47.0,-0.024002909660339355,0.0,2.946348104160279e-5,0.0,0.03446406126022339,0.0,-0.0003324458375573158,0.0,0.061256587505340576,0.0,0.06411787867546082,0.0,0.06415561586618423,0.0,-0.142578125,0.0,100.054931640625,0.0
48.0,-0.026623010635375977,0.0,2.9755261493846774e-5,0.0,0.037072956562042236,0.0,-0.00040273740887641907,0.0,0.06681977957487106,0.0,0.07095277309417725,0.0,0.07099996507167816,0.0,-0.158447265625,0.0,100.060546875,0.0
49.0,-0.029407978057861328,0.0,3.0125251214485615e-5,0.0,0.039787113666534424,0.0,-0.0004940940998494625,0.0,0.07297775149345398,0.0,0.0785333663225174,0.0,0.07859299331903458,0.0,-0.1748046875,0.0,100.067138671875,0.0
50.0,-0.03234076499938965,0.0,3.057924550375901e-5,0.0,0.04259580373764038,0.0,-0.0006136628799140453,0.0,0.07979138940572739,0.0,0.08691436797380447,0.0,0.08699044585227966,0.0,-0.192138671875,0.0,100.073974609375,0.0
51.0,-0.03539586067199707,0.0,3.11237272399012e-5,0.0,0.0454864501953125,0.0,-0.0007711504586040974,0.0,0.08732475340366364,0.0,0.09614492952823639,0.0,0.0962429791688919,0.0,-0.209716796875,0.0,100.081787109375,0.0
52.0,-0.03853726387023926,0.0,3.1766019674250856e-5,0.0,0.04844546318054199,0.0,-0.0009797364473342896,0.0,0.09564422816038132,0.0,0.1062650978565216,0.0,0.10639268159866333,0.0,-0.227783203125,0.0,100.090576171875,0.0
53.0,-0.04171717166900635,0.0,3.25145465467358e-5,0.0,0.05146026611328125,0.0,-0.0012572705745697021,0.0,0.10481739044189453,0.0,0.11730147153139114,0.0,0.11746900528669357,0.0,-0.245361328125,0.0,100.1005859375,0.0
54.0,-0.04487353563308716,0.0,3.337909220135771e-5,0.0,0.054521143436431885,0.0,-0.0016278168186545372,0.0,0.11491145938634872,0.0,0.12926208972930908,0.0,0.12948401272296906,0.0,-0.262451171875,0.0,100.111328125,0.0
55.0,-0.04793053865432739,0.0,3.4371209039818496e-5,0.0,0.05762559175491333,0.0,-0.002123570069670677,0.0,0.12599137425422668,0.0,0.1421307474374771,0.0,0.1424270123243332,0.0,-0.27783203125,0.0,100.12353515625,0.0
56.0,-0.05079805850982666,0.0,3.55047141056275e-5,0.0,0.0607835054397583,0.0,-0.0027871131896972656,0.0,0.1381174623966217,0.0,0.15586082637310028,0.0,0.15625913441181183,0.0,-0.29150390625,0.0,100.136962890625,0.0
57.0,-0.053373754024505615,0.0,3.679627479868941e-5,0.0,0.06402444839477539,0.0,-0.0036738459020853043,0.0,0.1513427048921585,0.0,0.17036929726600647,0.0,0.17090794444084167,0.0,-0.302490234375,0.0,100.151611328125,0.0
58.0,-0.055547893047332764,0.0,3.826614920399152e-5,0.0,0.06740719079971313,0.0,-0.004854166880249977,0.0,0.16570976376533508,0.0,0.18553130328655243,0.0,0.18626311421394348,0.0,-0.3095703125,0.0,100.16796875,0.0
59.0,-0.057210564613342285,0.0,3.9938973714015447e-5,0.0,0.07103019952774048,0.0,-0.00641455315053463,0.0,0.18124787509441376,0.0,0.20117664337158203,0.0,0.20217406749725342,0.0,-0.3125,0.0,100.185791015625,0.0
60.0,-0.058263570070266724,0.0,4.184445606369991e-5,0.0,0.07504236698150635,0.0,-0.008456103503704071,0.0,0.19796991348266602,0.0,0.21708889305591583,0.0,0.2184503674507141,0.0,-0.310546875,0.0,100.205078125,0.0
61.0,-0.058634281158447266,0.0,4.401790465635713e-5,0.0,0.07964903116226196,0.0,-0.01108822226524353,0.0,0.2158697545528412,0.0,0.23300863802433014,0.0,0.23486652970314026,0.0,-0.302734375,0.0,100.225830078125,0.0
62.0,-0.05829036235809326,0.0,4.6500255848513916e-5,0.0,0.08510923385620117,0.0,-0.014414504170417786,0.0,0.2349204421043396,0.0,0.2486419379711151,0.0,0.25117141008377075,0.0,-0.2890625,0.0,100.248046875,0.0
63.0,-0.05725175142288208,0.0,4.933770287607331e-5,0.0,0.09171342849731445,0.0,-0.018507692962884903,0.0,0.2550731599330902,0.0,0.2636740803718567,0.0,0.26710256934165955,0.0,-0.27001953125,0.0,100.271484375,0.0
64.0,-0.05559387803077698,0.0,5.258115925244056e-5,0.0,0.09973812103271484,0.0,-0.023372210562229156,0.0,0.27625736594200134,0.0,0.27778834104537964,0.0,0.28240418434143066,0.0,-0.24609375,0.0,100.296142578125,0.0
65.0,-0.05343998968601227,0.0,5.628663711831905e-5,0.0,0.10937249660491943,0.0,-0.028897501528263092,0.0,0.2983817160129547,0.0,0.290687620639801,0.0,0.29684609174728394,0.0,-0.2177734375,0.0,100.321533203125,0.0
66.0,-0.05094178020954132,0.0,6.051783202565275e-5,0.0,0.12063103914260864,0.0,-0.034813374280929565,0.0,0.3213358521461487,0.0,0.3021164834499359,0.0,0.31024056673049927,0.0,-0.18701171875,0.0,100.34765625,0.0
67.0,-0.04825395345687866,0.0,6.535163629450835e-5,0.0,0.13327950239181519,0.0,-0.040668219327926636,0.0,0.344992995262146,0.0,0.3118797838687897,0.0,0.32245367765426636,0.0,-0.154541015625,0.0,100.37451171875,0.0
68.0,-0.0455106645822525,0.0,7.088552229106426e-5,0.0,0.1468113660812378,0.0,-0.04585437476634979,0.0,0.369212806224823,0.0,0.31985560059547424,0.0,0.3334091603755951,0.0,-0.121826171875,0.0,100.40087890625,0.0
69.0,-0.042810916900634766,0.0,7.724258830421604e-5,0.0,0.16050559282302856,0.0,-0.04969508945941925,0.0,0.393844872713089,0.0,0.3260006904602051,0.0,0.3430849015712738,0.0,-0.08935546875,0.0,100.427490234375,0.0
70.0,-0.04021548479795456,0.0,8.456796786049381e-5,0.0,0.17356407642364502,0.0,-0.05157913267612457,0.0,0.41873282194137573,0.0,0.33034780621528625,0.0,0.35150352120399475,0.0,-0.0576171875,0.0,100.4541015625,0.0
71.0,-0.03775295987725258,0.0,9.301161844632588e-5,0.0,0.1852836012840271,0.0,-0.05109868943691254,0.0,0.4437185227870941,0.0,0.3329959511756897,0.0,0.358720064163208,0.0,-0.027099609375,0.0,100.47998046875,0.0
72.0,-0.0354301892220974,0.0,0.00010269800259266049,0.0,0.19519591331481934,0.0,-0.04813554883003235,0.0,0.4686465561389923,0.0,0.3340953588485718,0.0,0.3648093342781067,0.0,0.002197265625,0.0,100.505615234375,0.0
73.0,-0.03324243053793907,0.0,0.00011369080311851576,0.0,0.20312649011611938,0.0,-0.04286392033100128,0.0,0.49336865544319153,0.0,0.33383017778396606,0.0,0.36985528469085693,0.0,0.030517578125,0.0,100.53076171875,0.0
74.0,-0.031180601567029953,0.0,0.0001259643249795772,0.0,0.20916694402694702,0.0,-0.03567977249622345,0.0,0.5177472233772278,0.0,0.3324008584022522,0.0,0.373943030834198,0.0,0.05712890625,0.0,100.55517578125,0.0
75.0,-0.029235385358333588,0.0,0.00013939151540398598,0.0,0.21359264850616455,0.0,-0.027095019817352295,0.0,0.5416581034660339,0.0,0.33000898361206055,0.0,0.37715426087379456,0.0,0.082763671875,0.0,100.578857421875,0.0
76.0,-0.027398794889450073,0.0,0.0001537509961053729,0.0,0.2167680561542511,0.0,-0.01763729751110077,0.0,0.5649924874305725,0.0,0.3268459737300873,0.0,0.3795650601387024,0.0,0.107666015625,0.0,100.601806640625,0.0
77.0,-0.025664377957582474,0.0,0.00016874965513125062,0.0,0.2190696895122528,0.0,-0.0077790915966033936,0.0,0.5876578688621521,0.0,0.32308557629585266,0.0,0.3812456727027893,0.0,0.131103515625,0.0,100.623779296875,0.0
78.0,-0.02402687817811966,0.0,0.00018405324954073876,0.0,0.2208368480205536,0.0,0.0020987987518310547,0.0,0.6095777750015259,0.0,0.3188801109790802,0.0,0.38226091861724854,0.0,0.1533203125,0.0,100.64501953125,0.0
79.0,-0.022481776773929596,0.0,0.00019931807764805853,0.0,0.2223481833934784,0.0,0.011716455221176147,0.0,0.6306915283203125,0.0,0.31435954570770264,0.0,0.38267144560813904,0.0,0.174560546875,0.0,100.66552734375,0.0
80.0,-0.02102493681013584,0.0,0.0002142185767297633,0.0,0.22381600737571716,0.0,0.02088683843612671,0.0,0.6509528756141663,0.0,0.30963245034217834,0.0,0.3825347125530243,0.0,0.19482421875,0.0,100.68505859375,0.0
81.0,-0.019652392715215683,0.0,0.0002284678994328715,0.0,0.22539153695106506,0.0,0.02949976921081543,0.0,0.6703288555145264,0.0,0.3047880232334137,0.0,0.38190552592277527,0.0,0.2138671875,0.0,100.70361328125,0.0
82.0,-0.018360250629484653,0.0,0.0002418311487417668,0.0,0.22717425227165222,0.0,0.03750394284725189,0.0,0.6887984275817871,0.0,0.299898624420166,0.0,0.3808367848396301,0.0,0.23193359375,0.0,100.721435546875,0.0
83.0,-0.017144654877483845,0.0,0.0002541313660913147,0.0,0.22922274470329285,0.0,0.044890254735946655,0.0,0.7063509821891785,0.0,0.29502227902412415,0.0,0.3793793320655823,0.0,0.2490234375,0.0,100.738037109375,0.0
84.0,-0.01600179960951209,0.0,0.0002652496041264385,0.0,0.23156455159187317,0.0,0.05167786777019501,0.0,0.7229849100112915,0.0,0.29020506143569946,0.0,0.3775821924209595,0.0,0.264892578125,0.0,100.753662109375,0.0
85.0,-0.01492795953527093,0.0,0.0002751211141003296,0.0,0.23420456051826477,0.0,0.0579037070274353,0.0,0.7387063503265381,0.0,0.2854832410812378,0.0,0.3754922151565552,0.0,0.2802734375,0.0,100.7685546875,0.0
86.0,-0.013919513206928968,0.0,0.00028372844826662913,0.0,0.23713180422782898,0.0,0.06361429393291473,0.0,0.7535278797149658,0.0,0.2808850109577179,0.0,0.37315404415130615,0.0,0.29443359375,0.0,100.782470703125,0.0
87.0,-0.012972969561815262,0.0,0.00029109320166753605,0.0,0.24032482504844666,0.0,0.06886039674282074,0.0,0.7674676179885864,0.0,0.2764320373535156,0.0,0.3706096112728119,0.0,0.3076171875,0.0,100.79541015625,0.0
88.0,-0.012084979331120849,0.0,0.00029726733919233084,0.0,0.24375545978546143,0.0,0.073693186044693,0.0,0.7805480360984802,0.0,0.2721405625343323,0.0,0.36789825558662415,0.0,0.31982421875,0.0,100.8076171875,0.0
89.0,-0.011252352269366384,0.0,0.0003023249009856954,0.0,0.2473919689655304,0.0,0.07816189527511597,0.0,0.7927953004837036,0.0,0.2680225074291229,0.0,0.3650563657283783,0.0,0.33154296875,0.0,100.81884765625,0.0
90.0,-0.010472048074007034,0.0,0.00030635460279881954,0.0,0.25120094418525696,0.0,0.08231233060359955,0.0,0.8042382597923279,0.0,0.2640860974788666,0.0,0.36211735010147095,0.0,0.34228515625,0.0,100.8291015625,0.0
91.0,-0.009741185582242906,0.0,0.0003094533603871241,0.0,0.2551489770412445,0.0,0.08618618547916412,0.0,0.8149080872535706,0.0,0.26033666729927063,0.0,0.35911157727241516,0.0,0.35205078125,0.0,100.838623046875,0.0
92.0,-0.00905702670570463,0.0,0.00031172130184131674,0.0,0.25920356810092926,0.0,0.08982077240943909,0.0,0.824837327003479,0.0,0.2567771375179291,0.0,0.3560664653778076,0.0,0.361328125,0.0,100.847412109375,0.0
93.0,-0.008416975499130785,0.0,0.0003132576857751701,0.0,0.2633339911699295,0.0,0.09324892610311508,0.0,0.8340597152709961,0.0,0.2534083425998688,0.0,0.3530064821243286,0.0,0.369873046875,0.0,100.855224609375,0.0
94.0,-0.00781856570392847,0.0,0.00031415806006407365,0.0,0.2675115466117859,0.0,0.09649930894374847,0.0,0.8426096439361572,0.0,0.25022944808006287,0.0,0.349953293800354,0.0,0.377685546875,0.0,100.86279296875,0.0
95.0,-0.007259454054292291,0.0,0.000314512293698499,0.0,0.2717098891735077,0.0,0.09959661215543747,0.0,0.8505215644836426,0.0,0.24723826348781586,0.0,0.3469258248806,0.0,0.385009765625,0.0,100.869140625,0.0
96.0,-0.006737409625202417,0.0,0.00031440332895726897,0.0,0.27590523660182953,0.0,0.10256192833185196,0.0,0.8578300476074219,0.0,0.24443142116069794,0.0,0.34394046664237976,0.0,0.391845703125,0.0,100.875244140625,0.0
97.0,-0.006250306498259306,0.0,0.0003139065011055209,0.0,0.28007636964321136,0.0,0.10541319102048874,0.0,0.8645692467689514,0.0,0.2418045997619629,0.0,0.34101125597953796,0.0,0.39794921875,0.0,100.880859375,0.0
98.0,-0.005796118057332933,0.0,0.0003130893855995964,0.0,0.28420451283454895,0.0,0.10816541314125061,0.0,0.8707727193832397,0.0,0.239352747797966,0.0,0.3381500244140625,0.0,0.40380859375,0.0,100.8857421875,0.0
99.0,-0.005372910527512431,0.0,0.0003120119326922577,0.0,0.288273349404335,0.0,0.110831119120121,0.0,0.8764733076095581,0.0,0.23707015812397003,0.0,0.3353665769100189,0.0,0.408935546875,0.0,100.889892578125,0.0
100.0,-0.00497883852222003,0.0,0.00031072676938492805,0.0,0.29226887226104736,0.0,0.11342064291238785,0.0,0.8817028999328613,0.0,0.23495066165924072,0.0,0.33266887068748474,0.0,0.41357421875,0.0,100.893798828125,0.0
101.0,-0.004612139106029645,0.0,0.0003092796905548312,0.0,0.29617932438850403,0.0,0.11594240367412567,0.0,0.8864924311637878,0.0,0.2329876571893692,0.0,0.33006322383880615,0.0,0.417724609375,0.0,100.897216796875,0.0
102.0,-0.00427113231853582,0.0,0.00030771017918596044,0.0,0.2999948710203171,0.0,0.11840323358774185,0.0,0.8908715844154358,0.0,0.23117433488368988,0.0,0.3275544345378876,0.0,0.421630859375,0.0,100.900146484375,0.0
103.0,-0.0039542152371723205,0.0,0.00030605210122303106,0.0,0.30370767414569855,0.0,0.12080851197242737,0.0,0.8948689699172974,0.0,0.22950366139411926,0.0,0.3251459300518036,0.0,0.42529296875,0.0,100.90283203125,0.0
104.0,-0.0036598603473976254,0.0,0.0003043342148885131,0.0,0.3073115199804306,0.0,0.12316250056028366,0.0,0.8985118865966797,0.0,0.2279684841632843,0.0,0.3228400647640228,0.0,0.428466796875,0.0,100.90478515625,0.0
105.0,-0.003386616037460044,0.0,0.0003025808218808379,0.0,0.31080177426338196,0.0,0.125468410551548,0.0,0.9018263220787048,0.0,0.22656160593032837,0.0,0.320637971162796,0.0,0.431396484375,0.0,100.906982421875,0.0
106.0,-0.003133102145511657,0.0,0.0003008122293977067,0.0,0.3141753226518631,0.0,0.1277286559343338,0.0,0.9048370122909546,0.0,0.22527585923671722,0.0,0.3185400664806366,0.0,0.433837890625,0.0,100.908447265625,0.0
107.0,-0.0028980091447010636,0.0,0.00029904531402280554,0.0,0.31743024289608,0.0,0.12994492799043655,0.0,0.9075673818588257,0.0,0.2241041213274002,0.0,0.31654584407806396,0.0,0.436279296875,0.0,100.909912109375,0.0
108.0,-0.0026800973573699594,0.0,0.0002972939437313471,0.0,0.3205656558275223,0.0,0.13211840391159058,0.0,0.9100394248962402,0.0,0.2230393886566162,0.0,0.3146541714668274,0.0,0.438232421875,0.0,100.910888671875,0.0
109.0,-0.002478194932336919,0.0,0.0002955694235424744,0.0,0.32358188927173615,0.0,0.13424976915121078,0.0,0.9122740626335144,0.0,0.22207479178905487,0.0,0.3128633499145508,0.0,0.43994140625,0.0,100.911865234375,0.0
110.0,-0.0022911953783477657,0.0,0.0002938808775070356,0.0,0.3264799565076828,0.0,0.13633935153484344,0.0,0.9142907857894897,0.0,0.22120365500450134,0.0,0.31117117404937744,0.0,0.441650390625,0.0,100.91259765625,0.0
111.0,-0.0021180566400289536,0.0,0.00029223551973700523,0.0,0.3292616754770279,0.0,0.13838720321655273,0.0,0.9161078929901123,0.0,0.2204194962978363,0.0,0.30957505106925964,0.0,0.443359375,0.0,100.9130859375,0.0
112.0,-0.0019577986022341065,0.0,0.0002906389690906508,0.0,0.3319295346736908,0.0,0.1403931975364685,0.0,0.9177424907684326,0.0,0.21971605718135834,0.0,0.3080720901489258,0.0,0.444580078125,0.0,100.913330078125,0.0
113.0,-0.0018095008708769456,0.0,0.0002890954965550918,0.0,0.3344864398241043,0.0,0.1423570029437542,0.0,0.9192105531692505,0.0,0.21908733248710632,0.0,0.30665910243988037,0.0,0.44580078125,0.0,100.913330078125,0.0
114.0,-0.0016723009393899702,0.0,0.00028760831082763616,0.0,0.3369359225034714,0.0,0.14427823945879936,0.0,0.9205268621444702,0.0,0.21852754056453705,0.0,0.305332750082016,0.0,0.446533203125,0.0,100.91357421875,0.0
115.0,-0.0015453916566912085,0.0,0.00028617958560062107,0.0,0.33928172290325165,0.0,0.1461564600467682,0.0,0.9217051863670349,0.0,0.21803122758865356,0.0,0.30408957600593567,0.0,0.447509765625,0.0,100.91357421875,0.0
116.0,-0.0014280185641837306,0.0,0.0002848108379112091,0.0,0.3415278047323227,0.0,0.14799117296934128,0.0,0.9227583408355713,0.0,0.21759314835071564,0.0,0.3029259145259857,0.0,0.4482421875,0.0,100.913330078125,0.0
117.0,-0.0013194775601732545,0.0,0.0002835028626577696,0.0,0.34367847442626953,0.0,0.1497819386422634,0.0,0.9236980676651001,0.0,0.2172083854675293,0.0,0.3018381595611572,0.0,0.448974609375,0.0,100.9130859375,0.0
118.0,-0.0012191126079414971,0.0,0.00028225597452546936,0.0,0.34573809802532196,0.0,0.15152832493185997,0.0,0.9245352149009705,0.0,0.21687225997447968,0.0,0.3008226454257965,0.0,0.449462890625,0.0,100.912841796875,0.0
119.0,-0.0011263130290899426,0.0,0.00028107008620281704,0.0,0.34771113097667694,0.0,0.1532299406826496,0.0,0.9252797365188599,0.0,0.21658039093017578,0.0,0.29987573623657227,0.0,0.449951171875,0.0,100.912353515625,0.0
120.0,-0.0010405107168480754,0.0,0.00027994480296911206,0.0,0.349602073431015,0.0,0.15488651394844055,0.0,0.9259408712387085,0.0,0.21632865071296692,0.0,0.2989937961101532,0.0,0.450439453125,0.0,100.911865234375,0.0
121.0,-0.000961178207944613,0.0,0.0002788794572552433,0.0,0.35141535103321075,0.0,0.15649783238768578,0.0,0.9265269637107849,0.0,0.21611320972442627,0.0,0.29817327857017517,0.0,0.45068359375,0.0,100.911376953125,0.0
122.0,-0.0008878259468474425,0.0,0.00027787319231720176,0.0,0.3531554043292999,0.0,0.15806372463703156,0.0,0.9270457029342651,0.0,0.2159304916858673,0.0,0.2974107265472412,0.0,0.45068359375,0.0,100.910888671875,0.0
123.0,-0.0008200000374927185,0.0,0.00027692502226273064,0.0,0.35482659935951233,0.0,0.15958420187234879,0.0,0.9275041818618774,0.0,0.21577714383602142,0.0,0.29670271277427673,0.0,0.451171875,0.0,100.910400390625,0.0
124.0,-0.0007572797039756551,0.0,0.0002760338993539335,0.0,0.35643310844898224,0.0,0.16105930507183075,0.0,0.927908718585968,0.0,0.21565008163452148,0.0,0.2960459887981415,0.0,0.451416015625,0.0,100.909912109375,0.0
125.0,-0.0006992755588726141,0.0,0.00027519865398062393,0.0,0.35797905921936035,0.0,0.16248920559883118,0.0,0.9282650351524353,0.0,0.21554645895957947,0.0,0.29543739557266235,0.0,0.451171875,0.0,100.9091796875,0.0
126.0,-0.0006456271657953039,0.0,0.0002744181692833081,0.0,0.35946837067604065,0.0,0.16387413442134857,0.0,0.9285785555839539,0.0,0.21546365320682526,0.0,0.2948738634586334,0.0,0.451416015625,0.0,100.908447265625,0.0
127.0,-0.0005960011112620123,0.0,0.0002736912174441386,0.0,0.36090487241744995,0.0,0.16521447896957397,0.0,0.9288539290428162,0.0,0.21539925038814545,0.0,0.2943525016307831,0.0,0.451416015625,0.0,100.907958984375,0.0
128.0,-0.0005500892802956514,0.0,0.0002730166879700846,0.0,0.36229208111763,0.0,0.16651064716279507,0.0,0.9290955066680908,0.0,0.21535104513168335,0.0,0.2938705086708069,0.0,0.451416015625,0.0,100.9072265625,0.0
129.0,-0.0005076067973277532,0.0,0.00027239347855356755,0.0,0.36363352835178375,0.0,0.16776319406926632,0.0,0.9293071031570435,0.0,0.2153170257806778,0.0,0.29342523217201233,0.0,0.451416015625,0.0,100.90673828125,0.0
130.0,-0.0004682905491790734,0.0,0.0002718204350458109,0.0,0.3649323135614395,0.0,0.16897269897162914,0.0,0.9294922351837158,0.0,0.21529534459114075,0.0,0.29301416873931885,0.0,0.451171875,0.0,100.906005859375,0.0
131.0,-0.000431897584348917,0.0,0.00027129656245961087,0.0,0.36619165539741516,0.0,0.1701398640871048,0.0,0.929654061794281,0.0,0.2152843475341797,0.0,0.29263487458229065,0.0,0.451416015625,0.0,100.905517578125,0.0
132.0,-0.00039820359233999625,0.0,0.00027082084670837503,0.0,0.36741428077220917,0.0,0.17126542516052723,0.0,0.9297953844070435,0.0,0.21528252959251404,0.0,0.29228514432907104,0.0,0.451171875,0.0,100.90478515625,0.0
133.0,-0.0003670013611554168,0.0,0.0002703923810258857,0.0,0.3686029464006424,0.0,0.1723501719534397,0.0,0.929918646812439,0.0,0.21528854966163635,0.0,0.2919628322124481,0.0,0.450927734375,0.0,100.904052734375,0.0
134.0,-0.0003380998023203574,0.0,0.00027001024409401,0.0,0.36976011097431183,0.0,0.17339497804641724,0.0,0.930026113986969,0.0,0.21530115604400635,0.0,0.2916659116744995,0.0,0.451171875,0.0,100.903564453125,0.0
135.0,-0.00031132249569054693,0.0,0.0002696736237339792,0.0,0.3708881735801697,0.0,0.17440075054764748,0.0,0.9301198124885559,0.0,0.21531929075717926,0.0,0.2913924753665924,0.0,0.450927734375,0.0,100.90283203125,0.0
136.0,-0.00028650665626628324,0.0,0.0002693817295948975,0.0,0.3719891458749771,0.0,0.1753684114664793,0.0,0.9302014112472534,0.0,0.2153419554233551,0.0,0.2911408245563507,0.0,0.45068359375,0.0,100.90234375,0.0
137.0,-0.0002635020646266639,0.0,0.00026913388228422264,0.0,0.37306520342826843,0.0,0.1762989591807127,0.0,0.9302725791931152,0.0,0.21536831557750702,0.0,0.2909092605113983,0.0,0.45068359375,0.0,100.90185546875,0.0
138.0,-0.00024217020836658776,0.0,0.00026892936966760317,0.0,0.37411804497241974,0.0,0.1771933939307928,0.0,0.9303345680236816,0.0,0.21539758145809174,0.0,0.29069623351097107,0.0,0.450439453125,0.0,100.9013671875,0.0
139.0,-0.00022238316523726098,0.0,0.00026876756510318955,0.0,0.3751494586467743,0.0,0.1780527215451002,0.0,0.9303887486457825,0.0,0.21542911231517792,0.0,0.29050031304359436,0.0,0.450439453125,0.0,100.90087890625,0.0
140.0,-0.0002040230028796941,0.0,0.0002686479010662879,0.0,0.3761608898639679,0.0,0.17887797951698303,0.0,0.9304360747337341,0.0,0.21546228229999542,0.0,0.29032015800476074,0.0,0.450439453125,0.0,100.900146484375,0.0
141.0,-0.00018698086569202133,0.0,0.00026856986823986517,0.0,0.37715379893779755,0.0,0.17967023327946663,0.0,0.930477499961853,0.0,0.21549661457538605,0.0,0.29015448689460754,0.0,0.4501953125,0.0,100.899658203125,0.0
142.0,-0.00017115638183895499,0.0,0.0002685329009182169,0.0,0.3781294524669647,0.0,0.18043051473796368,0.0,0.930513858795166,0.0,0.21553164720535278,0.0,0.2900021970272064,0.0,0.4501953125,0.0,100.8994140625,0.0
143.0,-0.0001564568556204904,0.0,0.0002685365288925823,0.0,0.3790890872478485,0.0,0.18115988466888666,0.0,0.9305458068847656,0.0,0.2155669927597046,0.0,0.28986218571662903,0.0,0.449951171875,0.0,100.89892578125,0.0
144.0,-0.00014279683091444895,0.0,0.0002685803401618614,0.0,0.3800336718559265,0.0,0.18185938335955143,0.0,0.9305741190910339,0.0,0.2156023383140564,0.0,0.2897334396839142,0.0,0.44970703125,0.0,100.8984375,0.0
145.0,-0.00013009736721869558,0.0,0.0002686638745217351,0.0,0.3809642791748047,0.0,0.18253005016595125,0.0,0.9305991530418396,0.0,0.21563740074634552,0.0,0.28961503505706787,0.0,0.44970703125,0.0,100.89794921875,0.0
146.0,-0.00011828568676719442,0.0,0.00026878670814767247,0.0,0.38188162446022034,0.0,0.1831729095429182,0.0,0.9306215047836304,0.0,0.21567194163799286,0.0,0.2895061671733856,0.0,0.449462890625,0.0,100.8974609375,0.0
147.0,-0.00010729459972935729,0.0,0.0002689484831535083,0.0,0.38278666138648987,0.0,0.18378897476941347,0.0,0.9306415319442749,0.0,0.21570579707622528,0.0,0.2894060015678406,0.0,0.449462890625,0.0,100.89697265625,0.0
148.0,-9.706206401460804e-5,0.0,0.00026914876434602775,0.0,0.38367995619773865,0.0,0.1843792349100113,0.0,0.9306595325469971,0.0,0.21573877334594727,0.0,0.2893138527870178,0.0,0.44921875,0.0,100.896728515625,0.0
149.0,-8.753082875045948e-5,0.0,0.0002693871856536134,0.0,0.38456226885318756,0.0,0.18494467251002789,0.0,0.9306758642196655,0.0,0.21577078104019165,0.0,0.28922903537750244,0.0,0.44921875,0.0,100.896240234375,0.0
150.0,-7.864803046686575e-5,0.0,0.0002696633923733316,0.0,0.3854340463876724,0.0,0.18548624776303768,0.0,0.9306907057762146,0.0,0.21580170094966888,0.0,0.2891509234905243,0.0,0.448974609375,0.0,100.895751953125,0.0
151.0,-7.036488750600256e-5,0.0,0.00026997698478226084,0.0,0.386295810341835,0.0,0.18600488733500242,0.0,0.9307043552398682,0.0,0.215831458568573,0.0,0.2890789806842804,0.0,0.448974609375,0.0,100.895751953125,0.0
152.0,-6.263632167247124e-5,0.0,0.0002703275458770804,0.0,0.38714809715747833,0.0,0.18650148529559374,0.0,0.9307169318199158,0.0,0.2158600240945816,0.0,0.28901270031929016,0.0,0.44873046875,0.0,100.895263671875,0.0
153.0,-5.542071085073985e-5,0.0,0.0002707147609726235,0.0,0.38799120485782623,0.0,0.1869769524782896,0.0,0.9307286143302917,0.0,0.21588733792304993,0.0,0.288951575756073,0.0,0.44873046875,0.0,100.89501953125,0.0
154.0,-4.867963070864789e-5,0.0,0.0002711381844164862,0.0,0.38882556557655334,0.0,0.1874321373179555,0.0,0.9307395219802856,0.0,0.21591340005397797,0.0,0.2888951897621155,0.0,0.448486328125,0.0,100.894775390625,0.0
155.0,-4.237757093505934e-5,0.0,0.00027159741512150504,0.0,0.38965147733688354,0.0,0.1878678472712636,0.0,0.930749773979187,0.0,0.21593819558620453,0.0,0.2888431251049042,0.0,0.448486328125,0.0,100.894287109375,0.0
156.0,-3.6481727875070646e-5,0.0,0.00027209203835809603,0.0,0.39046919345855713,0.0,0.18828492239117622,0.0,0.9307593703269958,0.0,0.21596172451972961,0.0,0.2887950539588928,0.0,0.4482421875,0.0,100.89404296875,0.0
157.0,-3.0961804441176355e-5,0.0,0.0002726215984694136,0.0,0.3912789970636368,0.0,0.18868411891162395,0.0,0.9307684898376465,0.0,0.2159840166568756,0.0,0.28875061869621277,0.0,0.448486328125,0.0,100.893798828125,0.0
158.0,-2.5789795472519472e-5,0.0,0.00027318568572809454,0.0,0.3920810669660568,0.0,0.1890661958605051,0.0,0.9307771921157837,0.0,0.2160050868988037,0.0,0.28870949149131775,0.0,0.4482421875,0.0,100.8935546875,0.0
159.0,-2.093981674988754e-5,0.0,0.0002737838203756837,0.0,0.392875611782074,0.0,0.18943187780678272,0.0,0.9307854175567627,0.0,0.2160249650478363,0.0,0.28867146372795105,0.0,0.4482421875,0.0,100.893310546875,0.0
160.0,-1.638796311453916e-5,0.0,0.0002744155135587789,0.0,0.39366284012794495,0.0,0.18978184880688787,0.0,0.930793285369873,0.0,0.21604369580745697,0.0,0.2886362373828888,0.0,0.4482421875,0.0,100.89306640625,0.0
161.0,-1.2112112017348409e-5,0.0,0.00027508029279488255,0.0,0.3944428265094757,0.0,0.19011679012328386,0.0,0.9308008551597595,0.0,0.2160612940788269,0.0,0.2886035740375519,0.0,0.447998046875,0.0,100.892822265625,0.0
162.0,-8.091832569334656e-6,0.0,0.00027577759055930073,0.0,0.39521579444408417,0.0,0.19043735973536968,0.0,0.9308080673217773,0.0,0.21607783436775208,0.0,0.2885732650756836,0.0,0.447998046875,0.0,100.892578125,0.0
163.0,-4.308221832616255e-6,0.0,0.0002765068870758114,0.0,0.3959818482398987,0.0,0.19074415368959308,0.0,0.9308149814605713,0.0,0.21609333157539368,0.0,0.2885451316833496,0.0,0.447998046875,0.0,100.892333984375,0.0
164.0,-7.438138709403574e-7,0.0,0.000277267624369415,0.0,0.39674100279808044,0.0,0.19103776291012764,0.0,0.9308216571807861,0.0,0.21610784530639648,0.0,0.2885189950466156,0.0,0.44775390625,0.0,100.89208984375,0.0
165.0,2.6175621314905584e-6,0.0,0.00027805926538349013,0.0,0.39749346673488617,0.0,0.19131877645850182,0.0,0.9308280348777771,0.0,0.21612142026424408,0.0,0.28849467635154724,0.0,0.44775390625,0.0,100.891845703125,0.0
166.0,5.7908509916160256e-6,0.0,0.00027888117756447173,0.0,0.39823925495147705,0.0,0.19158773636445403,0.0,0.9308341145515442,0.0,0.21613410115242004,0.0,0.288472056388855,0.0,0.44775390625,0.0,100.8916015625,0.0
167.0,8.789877028902993e-6,0.0,0.0002797327781536296,0.0,0.398978516459465,0.0,0.19184516789391637,0.0,0.9308399558067322,0.0,0.21614593267440796,0.0,0.28845101594924927,0.0,0.447509765625,0.0,100.891357421875,0.0
168.0,1.1627427738858387e-5,0.0,0.00028061341959073616,0.0,0.3997112065553665,0.0,0.19209156604483724,0.0,0.9308456182479858,0.0,0.2161569744348526,0.0,0.2884313762187958,0.0,0.447509765625,0.0,100.891357421875,0.0
169.0,1.4315344742499292e-5,0.0,0.0002815225047925196,0.0,0.40043747425079346,0.0,0.19232741091400385,0.0,0.9308509826660156,0.0,0.21616724133491516,0.0,0.28841304779052734,0.0,0.447509765625,0.0,100.89111328125,0.0
170.0,1.6864574718056247e-5,0.0,0.0002824593427703803,0.0,0.4011573791503906,0.0,0.19255315326154232,0.0,0.9308561086654663,0.0,0.2161768078804016,0.0,0.2883959412574768,0.0,0.447265625,0.0,100.890869140625,0.0
171.0,1.9285245798528194e-5,0.0,0.00028342329392216925,0.0,0.401870995759964,0.0,0.19276925921440125,0.0,0.9308609962463379,0.0,0.21618570387363434,0.0,0.288379967212677,0.0,0.447265625,0.0,100.89111328125,0.0
172.0,2.1586736693279818e-5,0.0,0.00028441371273402183,0.0,0.40257827192544937,0.0,0.19297610828652978,0.0,0.9308656454086304,0.0,0.21619395911693573,0.0,0.28836503624916077,0.0,0.447265625,0.0,100.890869140625,0.0
173.0,2.377773489570245e-5,0.0,0.000285429889572697,0.0,0.4032793790102005,0.0,0.19317414052784443,0.0,0.9308700561523438,0.0,0.21620163321495056,0.0,0.28835105895996094,0.0,0.447265625,0.0,100.890625,0.0
174.0,2.5866273063002154e-5,0.0,0.0002864711379970686,0.0,0.4039742797613144,0.0,0.19336372474208474,0.0,0.9308742880821228,0.0,0.21620875597000122,0.0,0.28833797574043274,0.0,0.447021484375,0.0,100.890625,0.0
175.0,2.785978722386062e-5,0.0,0.00028753679566762,0.0,0.40466300398111343,0.0,0.1935452176257968,0.0,0.9308782815933228,0.0,0.2162153571844101,0.0,0.2883257269859314,0.0,0.447021484375,0.0,100.890380859375,0.0
176.0,2.97651749860961e-5,0.0,0.0002886261943331192,0.0,0.40534569323062897,0.0,0.19371898053213954,0.0,0.9308820366859436,0.0,0.21622146666049957,0.0,0.28831422328948975,0.0,0.447021484375,0.0,100.890380859375,0.0
177.0,3.1588811907568015e-5,0.0,0.00028973863254577736,0.0,0.4060223177075386,0.0,0.19388534710742533,0.0,0.9308856129646301,0.0,0.21622714400291443,0.0,0.2883034348487854,0.0,0.447021484375,0.0,100.89013671875,0.0
178.0,3.333660788484849e-5,0.0,0.000290873432504668,0.0,0.4066929519176483,0.0,0.19404462724924088,0.0,0.9308889508247375,0.0,0.21623238921165466,0.0,0.28829333186149597,0.0,0.447021484375,0.0,100.89013671875,0.0
179.0,3.50140398950316e-5,0.0,0.00029202997097854677,0.0,0.4073576256632805,0.0,0.19419713504612446,0.0,0.9308921098709106,0.0,0.21623724699020386,0.0,0.2882838249206543,0.0,0.44677734375,0.0,100.889892578125,0.0
180.0,3.662618837552145e-5,0.0,0.00029320753219508333,0.0,0.4080164059996605,0.0,0.1943431601393968,0.0,0.9308950304985046,0.0,0.2162417471408844,0.0,0.288274884223938,0.0,0.447021484375,0.0,100.889892578125,0.0
181.0,3.817774631897919e-5,0.0,0.00029440554249049455,0.0,0.40866924822330475,0.0,0.19448298262432218,0.0,0.9308977723121643,0.0,0.21624590456485748,0.0,0.28826647996902466,0.0,0.447021484375,0.0,100.8896484375,0.0
182.0,3.967308839492034e-5,0.0,0.00029562336567323655,0.0,0.4093163013458252,0.0,0.19461687398143113,0.0,0.9309003353118896,0.0,0.2162497490644455,0.0,0.2882585823535919,0.0,0.447021484375,0.0,100.8896484375,0.0
183.0,4.111625275982078e-5,0.0,0.0002968603914723644,0.0,0.40995755791664124,0.0,0.1947450819425285,0.0,0.9309026598930359,0.0,0.21625331044197083,0.0,0.2882511615753174,0.0,0.447021484375,0.0,100.8896484375,0.0
184.0,4.251099562679883e-5,0.0,0.0002981160928356985,0.0,0.41059304773807526,0.0,0.19486784585751593,0.0,0.9309048652648926,0.0,0.21625658869743347,0.0,0.2882441580295563,0.0,0.447021484375,0.0,100.889404296875,0.0
185.0,4.38608112744987e-5,0.0,0.0002993899104239972,0.0,0.41122283041477203,0.0,0.19498539716005325,0.0,0.9309068918228149,0.0,0.21625962853431702,0.0,0.2882375717163086,0.0,0.44677734375,0.0,100.889404296875,0.0
186.0,4.516892477113288e-5,0.0,0.0003006813400361352,0.0,0.41184697300195694,0.0,0.1950979600660503,0.0,0.930908739566803,0.0,0.21626242995262146,0.0,0.28823134303092957,0.0,0.44677734375,0.0,100.889404296875,0.0
187.0,4.643837019102648e-5,0.0,0.00030198996148556034,0.0,0.41246549040079117,0.0,0.1952057504095137,0.0,0.9309104084968567,0.0,0.2162650227546692,0.0,0.2882255017757416,0.0,0.44677734375,0.0,100.88916015625,0.0
188.0,4.767193786392454e-5,0.0,0.0003033152935358885,0.0,0.4130783826112747,0.0,0.19530897797085345,0.0,0.9309119582176208,0.0,0.2162674069404602,0.0,0.28821995854377747,0.0,0.44677734375,0.0,100.88916015625,0.0
189.0,4.887223803962115e-5,0.0,0.0003046569978550906,0.0,0.41368577629327774,0.0,0.1954078150447458,0.0,0.9309133291244507,0.0,0.2162696123123169,0.0,0.2882147431373596,0.0,0.44677734375,0.0,100.88916015625,0.0
190.0,5.004172271583229e-5,0.0,0.00030601473326896667,0.0,0.4142877385020256,0.0,0.19550245767459273,0.0,0.930914580821991,0.0,0.21627165377140045,0.0,0.28820982575416565,0.0,0.44677734375,0.0,100.888916015625,0.0
191.0,5.118265289638657e-5,0.0,0.00030738827240384126,0.0,0.41488421708345413,0.0,0.1955930949188769,0.0,0.9309156537055969,0.0,0.21627353131771088,0.0,0.28820517659187317,0.0,0.44677734375,0.0,100.888916015625,0.0
192.0,5.2297162255854346e-5,0.0,0.0003087773567358454,0.0,0.4154753163456917,0.0,0.19567988067865372,0.0,0.9309166073799133,0.0,0.21627525985240936,0.0,0.2882007658481598,0.0,0.446533203125,0.0,100.888916015625,0.0
193.0,5.3387249863590114e-5,0.0,0.00031018187075915193,0.0,0.41606105864048004,0.0,0.19576297723688185,0.0,0.9309174418449402,0.0,0.2162768691778183,0.0,0.2881966233253479,0.0,0.446533203125,0.0,100.888916015625,0.0
194.0,5.445479018817423e-5,0.0,0.00031160172568434064,0.0,0.4166414886713028,0.0,0.19584254163783044,0.0,0.9309181571006775,0.0,0.2162783294916153,0.0,0.2881926894187927,0.0,0.446533203125,0.0,100.888671875,0.0
195.0,5.550154673983343e-5,0.0,0.0003130368893380364,0.0,0.4172166809439659,0.0,0.19591874000616372,0.0,0.9309187531471252,0.0,0.21627970039844513,0.0,0.28818899393081665,0.0,0.446533203125,0.0,100.888671875,0.0
196.0,5.652918025589315e-5,0.0,0.00031448747256490606,0.0,0.417786680161953,0.0,0.19599168875720352,0.0,0.9309192895889282,0.0,0.21628093719482422,0.0,0.2881854772567749,0.0,0.446533203125,0.0,100.888671875,0.0
197.0,5.753927234763978e-5,0.0,0.00031595361394920474,0.0,0.4183514937758446,0.0,0.19606152886990458,0.0,0.9309196472167969,0.0,0.21628208458423615,0.0,0.2881821393966675,0.0,0.446533203125,0.0,100.888671875,0.0
198.0,5.853332277183654e-5,0.0,0.00031743550812279864,0.0,0.41891123354434967,0.0,0.19612839655019343,0.0,0.9309199452400208,0.0,0.2162831425666809,0.0,0.2881790101528168,0.0,0.44677734375,0.0,100.888427734375,0.0
199.0,5.951275124971289e-5,0.0,0.00031893349353140366,0.0,0.41946589946746826,0.0,0.19619242323096842,0.0,0.9309201240539551,0.0,0.2162841111421585,0.0,0.2881760001182556,0.0,0.44677734375,0.0,100.888427734375,0.0
200.0,6.047892748028971e-5,0.0,0.0003204479363603241,0.0,0.4200155436992645,0.0,0.19625370600260794,0.0,0.9309202432632446,0.0,0.21628500521183014,0.0,0.2881731688976288,0.0,0.44677734375,0.0,100.888427734375,0.0
201.0,6.143316750240047e-5,0.0,0.0003219794048163749,0.0,0.42056023329496384,0.0,0.1963123824680224,0.0,0.9309203028678894,0.0,0.2162858247756958,0.0,0.2881704866886139,0.0,0.44677734375,0.0,100.888427734375,0.0
202.0,6.23767255092389e-5,0.0,0.0003235284365246116,0.0,0.4211000055074692,0.0,0.1963685560040176,0.0,0.9309202432632446,0.0,0.2162865698337555,0.0,0.28816792368888855,0.0,0.44677734375,0.0,100.888427734375,0.0
203.0,6.331084478006233e-5,0.0,0.00032509577135897416,0.0,0.42163486778736115,0.0,0.1964223113609478,0.0,0.9309201240539551,0.0,0.2162872552871704,0.0,0.28816550970077515,0.0,0.446533203125,0.0,100.888427734375,0.0
204.0,6.423670402000425e-5,0.0,0.0003266821771603645,0.0,0.42216499149799347,0.0,0.19647377356886864,0.0,0.930919885635376,0.0,0.21628786623477936,0.0,0.2881632149219513,0.0,0.446533203125,0.0,100.88818359375,0.0
205.0,6.515547465824056e-5,0.0,0.00032828859480105166,0.0,0.4226902425289154,0.0,0.19652301992755383,0.0,0.9309196472167969,0.0,0.21628843247890472,0.0,0.2881610095500946,0.0,0.446533203125,0.0,100.88818359375,0.0
206.0,6.606831539102132e-5,0.0,0.0003299160224514708,0.0,0.4232107996940613,0.0,0.19657015323173255,0.0,0.9309192895889282,0.0,0.2162889540195465,0.0,0.28815892338752747,0.0,0.446533203125,0.0,100.88818359375,0.0
207.0,6.69763503537979e-5,0.0,0.0003315656605877848,0.0,0.42372671514749527,0.0,0.1966152733657509,0.0,0.9309189319610596,0.0,0.21628941595554352,0.0,0.2881569266319275,0.0,0.446533203125,0.0,100.88818359375,0.0
208.0,6.788071004848462e-5,0.0,0.00033323870871981853,0.0,0.4242379814386368,0.0,0.1966584317269735,0.0,0.9309184551239014,0.0,0.21628983318805695,0.0,0.28815504908561707,0.0,0.446533203125,0.0,100.88818359375,0.0
209.0,6.878252179376432e-5,0.0,0.0003349365689473416,0.0,0.4247446432709694,0.0,0.19669973652344197,0.0,0.9309179782867432,0.0,0.2162901908159256,0.0,0.2881532311439514,0.0,0.446533203125,0.0,100.88818359375,0.0
210.0,6.96829133630672e-5,0.0,0.00033666075864857703,0.0,0.4252467527985573,0.0,0.19673926278483123,0.0,0.9309173822402954,0.0,0.21629051864147186,0.0,0.28815150260925293,0.0,0.446533203125,0.0,100.88818359375,0.0
211.0,7.058301252982346e-5,0.0,0.0003384129399819358,0.0,0.4257444217801094,0.0,0.19677706772927195,0.0,0.9309167861938477,0.0,0.21629081666469574,0.0,0.2881498336791992,0.0,0.446533203125,0.0,100.887939453125,0.0
212.0,7.14839675310941e-5,0.0,0.0003401948612236083,0.0,0.4262375831604004,0.0,0.19681323552504182,0.0,0.9309161305427551,0.0,0.21629106998443604,0.0,0.2881482243537903,0.0,0.446533203125,0.0,100.887939453125,0.0
213.0,7.238693433464505e-5,0.0,0.0003420084153162861,0.0,0.42672639340162277,0.0,0.19684784760465845,0.0,0.9309154748916626,0.0,0.21629127860069275,0.0,0.2881467044353485,0.0,0.44677734375,0.0,100.887939453125,0.0
214.0,7.32931075617671e-5,0.0,0.00034385566908667897,0.0,0.4272107928991318,0.0,0.1968809380196035,0.0,0.9309147000312805,0.0,0.21629147231578827,0.0,0.2881452441215515,0.0,0.44677734375,0.0,100.887939453125,0.0
215.0,7.420368638122454e-5,0.0,0.000345738833800624,0.0,0.42769094556570053,0.0,0.19691258302191272,0.0,0.9309139251708984,0.0,0.2162916213274002,0.0,0.2881438136100769,0.0,0.44677734375,0.0,100.887939453125,0.0
216.0,7.511990679631708e-5,0.0,0.00034766023651400246,0.0,0.42816677689552307,0.0,0.196942841517739,0.0,0.9309131503105164,0.0,0.21629174053668976,0.0,0.28814244270324707,0.0,0.44677734375,0.0,100.887939453125,0.0
217.0,7.604304892083746e-5,0.0,0.0003496223779961838,0.0,0.4286384582519531,0.0,0.19697176991030574,0.0,0.9309122562408447,0.0,0.21629182994365692,0.0,0.288141131401062,0.0,0.44677734375,0.0,100.887939453125,0.0
218.0,7.697440378251486e-5,0.0,0.0003516278747497381,0.0,0.4291059076786041,0.0,0.19699943740852177,0.0,0.9309113621711731,0.0,0.2162918895483017,0.0,0.28813984990119934,0.0,0.44677734375,0.0,100.887939453125,0.0
219.0,7.791533380441251e-5,0.0,0.00035367954620824094,0.0,0.42956923693418503,0.0,0.19702588114887476,0.0,0.9309104681015015,0.0,0.21629191935062408,0.0,0.28813859820365906,0.0,0.44677734375,0.0,100.887939453125,0.0
220.0,7.886723597039236e-5,0.0,0.0003557803858029729,0.0,0.4300284907221794,0.0,0.19705115107353777,0.0,0.9309095144271851,0.0,0.21629191935062408,0.0,0.28813740611076355,0.0,0.44677734375,0.0,100.887939453125,0.0
221.0,7.983154455359909e-5,0.0,0.00035793347336721126,0.0,0.4304836541414261,0.0,0.19707531010499224,0.0,0.9309085011482239,0.0,0.2162918895483017,0.0,0.28813621401786804,0.0,0.44677734375,0.0,100.887939453125,0.0
222.0,8.080975430857507e-5,0.0,0.00036014220853530787,0.0,0.4309348315000534,0.0,0.1970983893261291,0.0,0.9309074878692627,0.0,0.21629184484481812,0.0,0.2881350815296173,0.0,0.44677734375,0.0,100.8876953125,0.0
223.0,8.18034363874176e-5,0.0,0.0003624099899752764,0.0,0.43138206750154495,0.0,0.19712043277104385,0.0,0.9309064149856567,0.0,0.21629177033901215,0.0,0.2881339490413666,0.0,0.44677734375,0.0,100.8876953125,0.0
224.0,8.281418740807567e-5,0.0,0.00036474056514634867,0.0,0.4318253993988037,0.0,0.19714148293132894,0.0,0.9309053421020508,0.0,0.2162916660308838,0.0,0.28813281655311584,0.0,0.44677734375,0.0,100.8876953125,0.0
225.0,8.384370448766276e-5,0.0,0.0003671377390332964,0.0,0.4322648197412491,0.0,0.19716159522067755,0.0,0.9309042096138,0.0,0.21629153192043304,0.0,0.2881317436695099,0.0,0.44677734375,0.0,100.887939453125,0.0
226.0,8.489372794429073e-5,0.0,0.0003696056361945921,0.0,0.43270036578178406,0.0,0.19718079379526898,0.0,0.9309030175209045,0.0,0.2162913829088211,0.0,0.28813064098358154,0.0,0.44677734375,0.0,100.887939453125,0.0
227.0,8.596610041422537e-5,0.0,0.00037214849700717423,0.0,0.43313219398260117,0.0,0.1971991159953177,0.0,0.930901825428009,0.0,0.21629118919372559,0.0,0.288129597902298,0.0,0.44677734375,0.0,100.887939453125,0.0
228.0,8.706271637493046e-5,0.0,0.00037477079405334734,0.0,0.43356017768383026,0.0,0.197216597647639,0.0,0.9309006333351135,0.0,0.21629099547863007,0.0,0.288128525018692,0.0,0.44677734375,0.0,100.887939453125,0.0
229.0,8.81855730767711e-5,0.0,0.0003774772614235644,0.0,0.43398453295230865,0.0,0.1972332880832255,0.0,0.9308993816375732,0.0,0.21629075706005096,0.0,0.28812745213508606,0.0,0.44677734375,0.0,100.887939453125,0.0
230.0,8.933675235311966e-5,0.0,0.0003802728362245489,0.0,0.434405118227005,0.0,0.19724920531734824,0.0,0.9308980703353882,0.0,0.21629050374031067,0.0,0.2881264090538025,0.0,0.44677734375,0.0,100.887939453125,0.0
231.0,9.051843289853423e-5,0.0,0.0003831627170995944,0.0,0.43482210487127304,0.0,0.1972643661138136,0.0,0.9308966994285583,0.0,0.2162902057170868,0.0,0.28812533617019653,0.0,0.44677734375,0.0,100.887939453125,0.0
232.0,9.173289231512172e-5,0.0,0.00038615233489736056,0.0,0.43523551523685455,0.0,0.19727883057203144,0.0,0.9308953285217285,0.0,0.21628989279270172,0.0,0.2881242632865906,0.0,0.44677734375,0.0,100.887939453125,0.0
233.0,9.298252234657411e-5,0.0,0.00038924741110690775,0.0,0.43564534187316895,0.0,0.19729259793530218,0.0,0.9308939576148987,0.0,0.21628956496715546,0.0,0.2881231904029846,0.0,0.44677734375,0.0,100.887939453125,0.0
234.0,9.426982933291583e-5,0.0,0.0003924539576871666,0.0,0.4360516145825386,0.0,0.19730572585831396,0.0,0.9308924674987793,0.0,0.2162891924381256,0.0,0.28812211751937866,0.0,0.44677734375,0.0,100.887939453125,0.0
235.0,9.559744125908765e-5,0.0,0.00039577830625603383,0.0,0.4364543855190277,0.0,0.19731821125606075,0.0,0.9308909773826599,0.0,0.21628879010677338,0.0,0.2881210148334503,0.0,0.447021484375,0.0,100.887939453125,0.0
236.0,9.696810957393609e-5,0.0,0.0003992270207788806,0.0,0.4368537440896034,0.0,0.19733009464107454,0.0,0.9308894276618958,0.0,0.21628835797309875,0.0,0.2881198823451996,0.0,0.447021484375,0.0,100.887939453125,0.0
237.0,9.838473783929658e-5,0.0,0.0004028071304844616,0.0,0.43724966794252396,0.0,0.19734138561761938,0.0,0.9308878779411316,0.0,0.21628791093826294,0.0,0.28811874985694885,0.0,0.447021484375,0.0,100.887939453125,0.0
238.0,9.98503751361568e-5,0.0,0.0004065259259675713,0.0,0.4376421347260475,0.0,0.1973521226173034,0.0,0.9308862090110779,0.0,0.21628741919994354,0.0,0.28811758756637573,0.0,0.447021484375,0.0,100.887939453125,0.0
239.0,0.00010136821651940409,0.0,0.00041039113403940064,0.0,0.43803130090236664,0.0,0.19736232815193944,0.0,0.9308845400810242,0.0,0.21628689765930176,0.0,0.2881163954734802,0.0,0.447021484375,0.0,100.887939453125,0.0
240.0,0.0001029416548590234,0.0,0.00041441091755700654,0.0,0.4384172037243843,0.0,0.19737199404335115,0.0,0.9308828115463257,0.0,0.21628634631633759,0.0,0.2881152033805847,0.0,0.447021484375,0.0,100.887939453125,0.0
241.0,0.00010457423650223063,0.0,0.00041859378825392923,0.0,0.43879976123571396,0.0,0.19738117074302863,0.0,0.9308810234069824,0.0,0.21628575026988983,0.0,0.28811395168304443,0.0,0.447265625,0.0,100.887939453125,0.0
242.0,0.00010626972743921215,0.0,0.0004229488395139924,0.0,0.4391790106892586,0.0,0.19738986319862306,0.0,0.9308791756629944,0.0,0.2162851244211197,0.0,0.28811267018318176,0.0,0.447265625,0.0,100.887939453125,0.0
243.0,0.00010803208533616271,0.0,0.0004274856007953076,0.0,0.4395551085472107,0.0,0.19739809037127998,0.0,0.9308772087097168,0.0,0.21628445386886597,0.0,0.2881113588809967,0.0,0.447265625,0.0,100.887939453125,0.0
244.0,0.00010986551728819904,0.0,0.00043221421240957625,0.0,0.4399280250072479,0.0,0.19740587047999725,0.0,0.9308752417564392,0.0,0.21628375351428986,0.0,0.28810998797416687,0.0,0.447265625,0.0,100.887939453125,0.0
245.0,0.00011177444366694544,0.0,0.0004371453381537549,0.0,0.4402977302670479,0.0,0.1974132060277043,0.0,0.9308732151985168,0.0,0.21628300845623016,0.0,0.28810858726501465,0.0,0.447265625,0.0,100.887939453125,0.0
246.0,0.00011376356383152597,0.0,0.00044229033989040545,0.0,0.4406643286347389,0.0,0.19742012862116098,0.0,0.9308710694313049,0.0,0.21628223359584808,0.0,0.28810712695121765,0.0,0.447265625,0.0,100.8876953125,0.0
247.0,0.00011583787181734806,0.0,0.00044766127760453855,0.0,0.44102784991264343,0.0,0.19742663932265714,0.0,0.9308688640594482,0.0,0.21628139913082123,0.0,0.2881056070327759,0.0,0.447509765625,0.0,100.8876953125,0.0
248.0,0.00011800264792327653,0.0,0.00045327090944624615,0.0,0.441388264298439,0.0,0.19743275344080757,0.0,0.9308665990829468,0.0,0.2162805199623108,0.0,0.2881040573120117,0.0,0.447509765625,0.0,100.8876953125,0.0
249.0,0.00012026350395899499,0.0,0.0004591328662684191,0.0,0.4417456090450287,0.0,0.19743850055965595,0.0,0.9308642745018005,0.0,0.21627959609031677,0.0,0.2881024181842804,0.0,0.447509765625,0.0,100.8876953125,0.0
250.0,0.00012262642599125684,0.0,0.00046526168084426445,0.0,0.4420999810099602,0.0,0.19744385000376496,0.0,0.93086177110672,0.0,0.21627861261367798,0.0,0.2881007492542267,0.0,0.447509765625,0.0,100.8876953125,0.0
251.0,0.00012509777502600627,0.0,0.0004716727877962512,0.0,0.4424513429403305,0.0,0.19744885990803596,0.0,0.9308592677116394,0.0,0.2162775844335556,0.0,0.2880989909172058,0.0,0.44775390625,0.0,100.8876953125,0.0
252.0,0.00012768433111887134,0.0,0.0004783827564835974,0.0,0.4427996724843979,0.0,0.1974535133340396,0.0,0.9308565855026245,0.0,0.21627649664878845,0.0,0.2880971431732178,0.0,0.44775390625,0.0,100.8876953125,0.0
253.0,0.00013039333634878858,0.0,0.000485409261855807,0.0,0.44314511865377426,0.0,0.19745780773519073,0.0,0.9308538436889648,0.0,0.21627534925937653,0.0,0.28809523582458496,0.0,0.44775390625,0.0,100.8876953125,0.0
254.0,0.00013323252505870187,0.0,0.0004927713464581984,0.0,0.44348765164613724,0.0,0.19746178467175923,0.0,0.9308509826660156,0.0,0.21627414226531982,0.0,0.288093239068985,0.0,0.44775390625,0.0,100.8876953125,0.0
255.0,0.00013621019593301753,0.0,0.0005004893621816109,0.0,0.443827249109745,0.0,0.19746541075437563,0.0,0.9308480024337769,0.0,0.21627287566661835,0.0,0.28809115290641785,0.0,0.447998046875,0.0,100.8876953125,0.0
256.0,0.00013933522768638795,0.0,0.0005085852322395112,0.0,0.4441639930009842,0.0,0.1974687265828834,0.0,0.9308449029922485,0.0,0.2162715196609497,0.0,0.28808897733688354,0.0,0.447998046875,0.0,100.887939453125,0.0
257.0,0.00014261712158258888,0.0,0.0005170825384652744,0.0,0.44449786096811295,0.0,0.19747172760253306,0.0,0.9308416843414307,0.0,0.2162701040506363,0.0,0.2880866825580597,0.0,0.447998046875,0.0,100.887939453125,0.0
258.0,0.00014606611898670963,0.0,0.0005260068414685293,0.0,0.44482893496751785,0.0,0.19747440882201772,0.0,0.9308382868766785,0.0,0.2162686139345169,0.0,0.2880842983722687,0.0,0.4482421875,0.0,100.887939453125,0.0
259.0,0.00014969323012792302,0.0,0.0005353856806493695,0.0,0.44515712559223175,0.0,0.19747677970735822,0.0,0.9308347702026367,0.0,0.21626703441143036,0.0,0.2880817651748657,0.0,0.4482421875,0.0,100.887939453125,0.0
260.0,0.00015351029242083314,0.0,0.0005452488652366583,0.0,0.4454825296998024,0.0,0.1974788344305125,0.0,0.9308310747146606,0.0,0.21626538038253784,0.0,0.2880791425704956,0.0,0.448486328125,0.0,100.887939453125,0.0
261.0,0.0001575301017737729,0.0,0.0005556288235197826,0.0,0.4458051100373268,0.0,0.1974805965728592,0.0,0.930827260017395,0.0,0.21626362204551697,0.0,0.28807637095451355,0.0,0.448486328125,0.0,100.887939453125,0.0
262.0,0.00016176648512100655,0.0,0.0005665607775426906,0.0,0.4461248964071274,0.0,0.19748204462666763,0.0,0.9308232069015503,0.0,0.21626175940036774,0.0,0.28807348012924194,0.0,0.448486328125,0.0,100.887939453125,0.0
263.0,0.0001662343737507399,0.0,0.0005780831505148853,0.0,0.4464419186115265,0.0,0.19748318654455943,0.0,0.930819034576416,0.0,0.21625980734825134,0.0,0.288070410490036,0.0,0.44873046875,0.0,100.887939453125,0.0
264.0,0.00017094999191158422,0.0,0.0005902377996278574,0.0,0.44675619900226593,0.0,0.19748402992263436,0.0,0.9308146238327026,0.0,0.2162577360868454,0.0,0.2880672216415405,0.0,0.44873046875,0.0,100.887939453125,0.0
265.0,0.00017593091581602494,0.0,0.0006030705982169593,0.0,0.4470677077770233,0.0,0.19748455223452765,0.0,0.9308100342750549,0.0,0.2162555456161499,0.0,0.28806382417678833,0.0,0.448974609375,0.0,100.887939453125,0.0
266.0,0.00018119626213319862,0.0,0.0006166317849292113,0.0,0.44737640768289566,0.0,0.19748476043605478,0.0,0.9308052062988281,0.0,0.21625322103500366,0.0,0.2880602478981018,0.0,0.448974609375,0.0,100.887939453125,0.0
267.0,0.00018676687818697246,0.0,0.0006309767204939476,0.0,0.4476823955774307,0.0,0.197484661177441,0.0,0.9308000802993774,0.0,0.21625077724456787,0.0,0.28805649280548096,0.0,0.44921875,0.0,100.887939453125,0.0
268.0,0.000192665471786313,0.0,0.0006461662951480207,0.0,0.4479856342077255,0.0,0.1974842161325796,0.0,0.9307947754859924,0.0,0.21624816954135895,0.0,0.2880525290966034,0.0,0.449462890625,0.0,100.88818359375,0.0
269.0,0.00019891687441031536,0.0,0.00066226768535671,0.0,0.4482860192656517,0.0,0.19748344628533232,0.0,0.9307891726493835,0.0,0.21624541282653809,0.0,0.28804832696914673,0.0,0.449462890625,0.0,100.88818359375,0.0
270.0,0.00020554831689878483,0.0,0.0006793555179598343,0.0,0.4485836550593376,0.0,0.19748232765414286,0.0,0.9307833313941956,0.0,0.2162424772977829,0.0,0.28804388642311096,0.0,0.44970703125,0.0,100.88818359375,0.0
271.0,0.00021258964841308625,0.0,0.0006975123940691219,0.0,0.4488784894347191,0.0,0.19748086581603275,0.0,0.9307771325111389,0.0,0.21623936295509338,0.0,0.2880391776561737,0.0,0.449951171875,0.0,100.88818359375,0.0
272.0,0.00022007368522736215,0.0,0.0007168305188613999,0.0,0.44917044043540955,0.0,0.1974790213862434,0.0,0.9307706356048584,0.0,0.21623605489730835,0.0,0.28803420066833496,0.0,0.449951171875,0.0,100.88818359375,0.0
273.0,0.00022803664762705012,0.0,0.0007374127493449123,0.0,0.44945958256721497,0.0,0.1974767845676979,0.0,0.9307637810707092,0.0,0.2162325382232666,0.0,0.28802889585494995,0.0,0.4501953125,0.0,100.88818359375,0.0
274.0,0.00023651848005101783,0.0,0.0007593743987897028,0.0,0.449745774269104,0.0,0.19747414531957475,0.0,0.9307565689086914,0.0,0.21622878313064575,0.0,0.2880232632160187,0.0,0.450439453125,0.0,100.88818359375,0.0
275.0,0.0002455634769376047,0.0,0.0007828450411864196,0.0,0.45002908259630203,0.0,0.19747107850707835,0.0,0.9307489395141602,0.0,0.2162247598171234,0.0,0.28801730275154114,0.0,0.45068359375,0.0,100.888427734375,0.0
276.0,0.00025522080625250965,0.0,0.000807970955939652,0.0,0.45030930638313293,0.0,0.1974675587771344,0.0,0.9307408332824707,0.0,0.21622048318386078,0.0,0.28801092505455017,0.0,0.450927734375,0.0,100.888427734375,0.0
277.0,0.00026554516500709724,0.0,0.0008349175726465319,0.0,0.4505865275859833,0.0,0.1974635605874937,0.0,0.9307323098182678,0.0,0.21621589362621307,0.0,0.2880041301250458,0.0,0.451171875,0.0,100.888427734375,0.0
278.0,0.00027659769568799675,0.0,0.0008638730799219729,0.0,0.45086052268743515,0.0,0.19745902840077179,0.0,0.9307233095169067,0.0,0.2162109762430191,0.0,0.28799688816070557,0.0,0.451416015625,0.0,100.888427734375,0.0
279.0,0.0002884467866124396,0.0,0.0008950521507387066,0.0,0.45113125443458557,0.0,0.19745395121572074,0.0,0.9307137131690979,0.0,0.21620570123195648,0.0,0.28798913955688477,0.0,0.451904296875,0.0,100.888671875,0.0
280.0,0.00030116938160063,0.0,0.0009287010064724655,0.0,0.451398640871048,0.0,0.19744827314207214,0.0,0.9307035803794861,0.0,0.21620002388954163,0.0,0.2879808247089386,0.0,0.4521484375,0.0,100.888671875,0.0
281.0,0.0003148521736875409,0.0,0.00096510294662977,0.0,0.45166245102882385,0.0,0.19744193813676247,0.0,0.9306927919387817,0.0,0.21619391441345215,0.0,0.2879718840122223,0.0,0.452392578125,0.0,100.888671875,0.0
282.0,0.00032959329269033333,0.0,0.0010045861487171237,0.0,0.4519225284457207,0.0,0.1974348899893812,0.0,0.9306813478469849,0.0,0.21618731319904327,0.0,0.28796231746673584,0.0,0.452880859375,0.0,100.888671875,0.0
283.0,0.00034550425550605723,0.0,0.0010475321083021072,0.0,0.4521787315607071,0.0,0.19742705745011335,0.0,0.9306691288948059,0.0,0.21618017554283142,0.0,0.2879519760608673,0.0,0.453369140625,0.0,100.888916015625,0.0
284.0,0.00036271229430440144,0.0,0.0010943876880489256,0.0,0.45243076235055923,0.0,0.1974183691181679,0.0,0.9306560754776001,0.0,0.21617242693901062,0.0,0.2879408001899719,0.0,0.45361328125,0.0,100.888916015625,0.0
285.0,0.000381363383326061,0.0,0.001145678505451997,0.0,0.45267830044031143,0.0,0.197408708751027,0.0,0.9306421279907227,0.0,0.2161639928817749,0.0,0.2879287302494049,0.0,0.4541015625,0.0,100.88916015625,0.0
286.0,0.00040162558616430033,0.0,0.0012020275011010995,0.0,0.45292094349861145,0.0,0.19739798978116596,0.0,0.930627167224884,0.0,0.2161548137664795,0.0,0.2879156172275543,0.0,0.454833984375,0.0,100.88916015625,0.0
287.0,0.00042369371169570513,0.0,0.0012641781053375212,0.0,0.45315835624933243,0.0,0.19738606590908603,0.0,0.9306111335754395,0.0,0.21614477038383484,0.0,0.2879013419151306,0.0,0.455322265625,0.0,100.889404296875,0.0
288.0,0.00044779475751965947,0.0,0.0013330243898082017,0.0,0.45338984578847885,0.0,0.19737279071341618,0.0,0.9305939078330994,0.0,0.2161337435245514,0.0,0.28788578510284424,0.0,0.4560546875,0.0,100.889404296875,0.0
289.0,0.00047419498150702566,0.0,0.0014096497173596845,0.0,0.4536147639155388,0.0,0.19735797295652446,0.0,0.9305753111839294,0.0,0.2161215990781784,0.0,0.2878687381744385,0.0,0.456787109375,0.0,100.8896484375,0.0
290.0,0.0005032088365624077,0.0,0.0014953792453766823,0.0,0.4538322538137436,0.0,0.19734139148749819,0.0,0.9305552840232849,0.0,0.21610818803310394,0.0,0.2878499925136566,0.0,0.45751953125,0.0,100.8896484375,0.0
291.0,0.0005352105547444808,0.0,0.0015918490764406101,0.0,0.4540412500500679,0.0,0.19732279524760088,0.0,0.9305335283279419,0.0,0.2160932868719101,0.0,0.28782930970191956,0.0,0.45849609375,0.0,100.889892578125,0.0
292.0,0.0005706492514718775,0.0,0.00170109950703079,0.0,0.4542402848601341,0.0,0.1973018436692655,0.0,0.9305098652839661,0.0,0.21607667207717896,0.0,0.2878063917160034,0.0,0.45947265625,0.0,100.89013671875,0.0
293.0,0.0006100687164689589,0.0,0.0018257037828988132,0.0,0.45442765951156616,0.0,0.1972781215863506,0.0,0.9304840564727783,0.0,0.21605803072452545,0.0,0.28778088092803955,0.0,0.460693359375,0.0,100.890380859375,0.0
294.0,0.000654134160186004,0.0,0.001968945283117307,0.0,0.4546010494232178,0.0,0.19725116903464368,0.0,0.9304558038711548,0.0,0.21603702008724213,0.0,0.28775230050086975,0.0,0.4619140625,0.0,100.890625,0.0
295.0,0.0007036678950953501,0.0,0.0021350658340466566,0.0,0.454757384955883,0.0,0.19722031734454504,0.0,0.9304247498512268,0.0,0.21601314842700958,0.0,0.28772011399269104,0.0,0.463623046875,0.0,100.89111328125,0.0
296.0,0.0007596987537681343,0.0,0.002329618680526835,0.0,0.45489269495010376,0.0,0.1971847934582911,0.0,0.9303903579711914,0.0,0.21598586440086365,0.0,0.2876836061477661,0.0,0.46533203125,0.0,100.8916015625,0.0
297.0,0.0008235298430463445,0.0,0.0025599691882156606,0.0,0.45500150322914124,0.0,0.19714357091288548,0.0,0.9303521513938904,0.0,0.21595440804958344,0.0,0.28764188289642334,0.0,0.467529296875,0.0,100.891845703125,0.0
298.0,0.0008968344119466565,0.0,0.0028360187140421544,0.0,0.45507650077342987,0.0,0.19709531024818716,0.0,0.9303094148635864,0.0,0.21591779589653015,0.0,0.2875937819480896,0.0,0.469970703125,0.0,100.892578125,0.0
299.0,0.00098179048552538,0.0,0.003171237442952446,0.0,0.4551074579358101,0.0,0.19703823979489243,0.0,0.9302612543106079,0.0,0.2158747762441635,0.0,0.2875378131866455,0.0,0.472900390625,0.0,100.893310546875,0.0
300.0,0.0010812725435016546,0.0,0.0035841314537883306,0.0,0.45508019626140594,0.0,0.19697000666928943,0.0,0.9302065372467041,0.0,0.21582362055778503,0.0,0.2874719202518463,0.0,0.4765625,0.0,100.89404296875,0.0
301.0,0.001199122360048932,0.0,0.004100261826636142,0.0,0.4549751356244087,0.0,0.19688743835376954,0.0,0.9301437139511108,0.0,0.21576203405857086,0.0,0.2873934805393219,0.0,0.481201171875,0.0,100.895263671875,0.0
302.0,0.0013405274117985755,0.0,0.004754871438137798,0.0,0.4547647461295128,0.0,0.196786170175983,0.0,0.9300708770751953,0.0,0.2156868875026703,0.0,0.2872987985610962,0.0,0.48681640625,0.0,100.896728515625,0.0
303.0,0.0015125306023264784,0.0,0.005595947150137448,0.0,0.45441197603940964,0.0,0.19666027278071851,0.0,0.9299852848052979,0.0,0.21559391915798187,0.0,0.2871829867362976,0.0,0.494140625,0.0,100.8984375,0.0
304.0,0.001724681839277764,0.0,0.006687081531090655,0.0,0.4538675472140312,0.0,0.19650173059017106,0.0,0.929883599281311,0.0,0.2154773324728012,0.0,0.2870393395423889,0.0,0.50341796875,0.0,100.90087890625,0.0
305.0,0.001989791357004833,0.0,0.00810882932742274,0.0,0.4530700817704201,0.0,0.19629980105855793,0.0,0.9297611713409424,0.0,0.21532940864562988,0.0,0.2868589460849762,0.0,0.515380859375,0.0,100.904052734375,0.0
306.0,0.0023246778021075443,0.0,0.009956828054551892,0.0,0.45194848626852036,0.0,0.1960406421439984,0.0,0.9296120405197144,0.0,0.2151401787996292,0.0,0.286630243062973,0.0,0.53125,0.0,100.907958984375,0.0
307.0,0.0027507287730941243,0.0,0.012335500859315118,0.0,0.4504285678267479,0.0,0.19570710369680455,0.0,0.92942875623703,0.0,0.21489718556404114,0.0,0.2863387167453766,0.0,0.55126953125,0.0,100.913330078125,0.0
308.0,0.003294086735536439,0.0,0.015348009412019081,0.0,0.4484424665570259,0.0,0.19527905528502743,0.0,0.9292019605636597,0.0,0.2145857959985733,0.0,0.28596702218055725,0.0,0.57666015625,0.0,100.919921875,0.0
309.0,0.003985355655458989,0.0,0.019085227512828595,0.0,0.44593802839517593,0.0,0.19473429517074692,0.0,0.9289206862449646,0.0,0.21418967843055725,0.0,0.28549548983573914,0.0,0.608642578125,0.0,100.927978515625,0.0
310.0,0.004858881552877392,0.0,0.023617039744941337,0.0,0.4428851082921028,0.0,0.19404981690513523,0.0,0.928571879863739,0.0,0.21369171142578125,0.0,0.28490301966667175,0.0,0.647216796875,0.0,100.93798828125,0.0
311.0,0.005951773681545092,0.0,0.028987889752691842,0.0,0.43927759677171707,0.0,0.19320344846437365,0.0,0.9281408786773682,0.0,0.21307502686977386,0.0,0.284168004989624,0.0,0.693603515625,0.0,100.94970703125,0.0
312.0,0.007302864008920551,0.0,0.035216407712503894,0.0,0.4351309910416603,0.0,0.19217513374769624,0.0,0.9276112914085388,0.0,0.21232397854328156,0.0,0.2832696735858917,0.0,0.748046875,0.0,100.96337890625,0.0
313.0,0.008951744461455746,0.0,0.04229782338970267,0.0,0.4304777681827545,0.0,0.19094812467346856,0.0,0.9269654154777527,0.0,0.21142487227916718,0.0,0.2821887135505676,0.0,0.810546875,0.0,100.97900390625,0.0
314.0,0.010937945498085355,0.0,0.0502076728023404,0.0,0.4253625273704529,0.0,0.18950975604047926,0.0,0.9261844158172607,0.0,0.21036656200885773,0.0,0.2809082567691803,0.0,0.881591796875,0.0,100.99609375,0.0
315.0,0.013300268351940758,0.0,0.05890576006745718,0.0,0.41983674466609955,0.0,0.1878517584555084,0.0,0.9252487421035767,0.0,0.20914074778556824,0.0,0.27941420674324036,0.0,0.960693359375,0.0,101.01513671875,0.0
316.0,0.01607624160362775,0.0,0.06833988641664845,0.0,0.4139549881219864,0.0,0.1859704073440298,0.0,0.9241386651992798,0.0,0.20774202048778534,0.0,0.2776957154273987,0.0,1.048095703125,0.0,101.03564453125,0.0
317.0,0.019301683925277757,0.0,0.07844904276986497,0.0,0.4077717885375023,0.0,0.1838662547329477,0.0,0.9228343367576599,0.0,0.20616786181926727,0.0,0.27574512362480164,0.0,1.1435546875,0.0,101.057373046875,0.0
318.0,0.023010322238633307,0.0,0.08916611429618726,0.0,0.40133965760469437,0.0,0.1815437716240922,0.0,0.9213165640830994,0.0,0.2044183909893036,0.0,0.2735580801963806,0.0,1.24658203125,0.0,101.08056640625,0.0
319.0,0.02723348624033406,0.0,0.10042009696154963,0.0,0.3947075456380844,0.0,0.17901090095983818,0.0,0.919566810131073,0.0,0.20249611139297485,0.0,0.2711333632469177,0.0,1.357177734375,0.0,101.1044921875,0.0
320.0,0.031999829006394975,0.0,0.1121378707669507,0.0,0.38792024552822113,0.0,0.17627843177524483,0.0,0.9175676107406616,0.0,0.20040561258792877,0.0,0.2684726417064667,0.0,1.474609375,0.0,101.12939453125,0.0
321.0,0.0373350941604258,0.0,0.12424567496341865,0.0,0.3810180202126503,0.0,0.17335950746337403,0.0,0.9153028726577759,0.0,0.1981532871723175,0.0,0.26558032631874084,0.0,1.59912109375,0.0,101.155029296875,0.0
322.0,0.043261931472784454,0.0,0.13667022563913633,0.0,0.3740365132689476,0.0,0.17026904462773018,0.0,0.9127581119537354,0.0,0.19574694335460663,0.0,0.26246312260627747,0.0,1.729736328125,0.0,101.18115234375,0.0
323.0,0.049799727358731616,0.0,0.14933963959148144,0.0,0.36700715124607086,0.0,0.16702322644778178,0.0,0.9099205136299133,0.0,0.19319552183151245,0.0,0.25912994146347046,0.0,1.86669921875,0.0,101.20751953125,0.0
324.0,0.05696451174753747,0.0,0.16218411232988217,0.0,0.359957255423069,0.0,0.16363905564185188,0.0,0.9067789912223816,0.0,0.1905088871717453,0.0,0.25559136271476746,0.0,2.009033203125,0.0,101.234130859375,0.0
325.0,0.06476886867415033,0.0,0.17513646941886307,0.0,0.3529106453061104,0.0,0.16013392233617196,0.0,0.9033243656158447,0.0,0.18769747018814087,0.0,0.25185948610305786,0.0,2.156494140625,0.0,101.2607421875,0.0
326.0,0.07322194000573745,0.0,0.18813259116120307,0.0,0.3458879515528679,0.0,0.15652530604347703,0.0,0.8995494246482849,0.0,0.18477214872837067,0.0,0.24794763326644897,0.0,2.308837890625,0.0,101.287109375,0.0
327.0,0.08232941799008131,0.0,0.20111162121428805,0.0,0.3389071300625801,0.0,0.15283046273748369,0.0,0.8954488039016724,0.0,0.18174399435520172,0.0,0.24387001991271973,0.0,2.46533203125,0.0,101.313232421875,0.0
328.0,0.09209361231171442,0.0,0.2140162050088037,0.0,0.33198381960392,0.0,0.14906621623913452,0.0,0.8910189867019653,0.0,0.17862418293952942,0.0,0.23964151740074158,0.0,2.6259765625,0.0,101.3388671875,0.0
329.0,0.10251356184983251,0.0,0.22679262385932475,0.0,0.3251316323876381,0.0,0.14524877940289116,0.0,0.8862584829330444,0.0,0.1754237860441208,0.0,0.23527750372886658,0.0,2.790283203125,0.0,101.364013671875,0.0
330.0,0.11358513153675176,0.0,0.2393908396679869,0.0,0.3183627352118492,0.0,0.14139359020464326,0.0,0.8811672925949097,0.0,0.1721537560224533,0.0,0.2307935655117035,0.0,2.957763671875,0.0,101.388427734375,0.0
331.0,0.12530118372046672,0.0,0.25176448002350327,0.0,0.3116878420114517,0.0,0.13751526704027128,0.0,0.8757473230361938,0.0,0.16882476210594177,0.0,0.22620534896850586,0.0,3.128173828125,0.0,101.411865234375,0.0
332.0,0.1376517718803143,0.0,0.2638708083991155,0.0,0.30511661618947983,0.0,0.1336274895149927,0.0,0.8700019717216492,0.0,0.1654471606016159,0.0,0.22152844071388245,0.0,3.30078125,0.0,101.434814453125,0.0
333.0,0.15062427473753814,0.0,0.27567076885634023,0.0,0.2986578121781349,0.0,0.12974299844654524,0.0,0.8639361262321472,0.0,0.16203093528747559,0.0,0.21677812933921814,0.0,3.4755859375,0.0,101.45654296875,0.0
334.0,0.1642036719265434,0.0,0.2871288072313618,0.0,0.29231949523091316,0.0,0.12587350645685547,0.0,0.8575560450553894,0.0,0.15858569741249084,0.0,0.21196942031383514,0.0,3.652099609375,0.0,101.477294921875,0.0
335.0,0.17837270790789717,0.0,0.2982127072226355,0.0,0.2861090376973152,0.0,0.1220297873810523,0.0,0.8508692979812622,0.0,0.1551205813884735,0.0,0.20711684226989746,0.0,3.829833984375,0.0,101.4970703125,0.0
336.0,0.19311211548586016,0.0,0.30889370960054663,0.0,0.2800334542989731,0.0,0.11822163901388194,0.0,0.8438845276832581,0.0,0.1516442745923996,0.0,0.20223434269428253,0.0,4.0087890625,0.0,101.515625,0.0
337.0,0.2084008393262593,0.0,0.3191461545799541,0.0,0.2740991935133934,0.0,0.11445787566140098,0.0,0.8366115689277649,0.0,0.1481650024652481,0.0,0.19733533263206482,0.0,4.188232421875,0.0,101.532958984375,0.0
338.0,0.22421622967101484,0.0,0.32894745201827646,0.0,0.2683124616742134,0.0,0.11074641754726144,0.0,0.8290610909461975,0.0,0.14469054341316223,0.0,0.19243253767490387,0.0,4.3681640625,0.0,101.549072265625,0.0
339.0,0.24053423605437274,0.0,0.3382780218111847,0.0,0.262679148465395,0.0,0.10709428336303972,0.0,0.821244478225708,0.0,0.14122816920280457,0.0,0.18753796815872192,0.0,4.548095703125,0.0,101.563720703125,0.0
340.0,0.25732961591836556,0.0,0.34712093626497875,0.0,0.2572048604488373,0.0,0.1035076424232102,0.0,0.8131740093231201,0.0,0.1377846896648407,0.0,0.1826629340648651,0.0,4.727783203125,0.0,101.577392578125,0.0
341.0,0.2745760985264951,0.0,0.3554620095037109,0.0,0.2518950626254082,0.0,0.09999185936840149,0.0,0.8048624396324158,0.0,0.1343664675951004,0.0,0.17781800031661987,0.0,4.906982421875,0.0,101.589599609375,0.0
342.0,0.29224657867894166,0.0,0.36328949944577715,0.0,0.2467549853026867,0.0,0.09655155377129176,0.0,0.7963230609893799,0.0,0.13097938895225525,0.0,0.17301298677921295,0.0,5.08544921875,0.0,101.600341796875,0.0
343.0,0.31031322102057857,0.0,0.37059398859423,0.0,0.24178972840309143,0.0,0.09319060758696196,0.0,0.7875695824623108,0.0,0.12762890756130219,0.0,0.1682569533586502,0.0,5.2626953125,0.0,101.60986328125,0.0
344.0,0.3287476835586176,0.0,0.37736832443128066,0.0,0.23700422793626785,0.0,0.08991227691274162,0.0,0.7786160111427307,0.0,0.12432007491588593,0.0,0.163558229804039,0.0,5.438720703125,0.0,101.617919921875,0.0
345.0,0.3475211474652724,0.0,0.3836072617891304,0.0,0.23240337148308754,0.0,0.08671916963623971,0.0,0.7694767117500305,0.0,0.12105749547481537,0.0,0.1589244306087494,0.0,5.61328125,0.0,101.62451171875,0.0
346.0,0.36660452569390145,0.0,0.3893075224527678,0.0,0.22799191623926163,0.0,0.08361335719507679,0.0,0.7601659893989563,0.0,0.11784540116786957,0.0,0.15436245501041412,0.0,5.7861328125,0.0,101.6298828125,0.0
347.0,0.3859685225836529,0.0,0.3944675865413956,0.0,0.22377466410398483,0.0,0.08059636712607698,0.0,0.750698447227478,0.0,0.11468762904405594,0.0,0.14987851679325104,0.0,5.956787109375,0.0,101.634033203125,0.0
348.0,0.4055837530681856,0.0,0.39908742428472976,0.0,0.21975627541542053,0.0,0.07766927992361161,0.0,0.7410885691642761,0.0,0.11158768087625504,0.0,0.14547818899154663,0.0,6.125244140625,0.0,101.63671875,0.0
349.0,0.4254208022803141,0.0,0.40316855562466003,0.0,0.21594149991869926,0.0,0.07483272904005389,0.0,0.731350839138031,0.0,0.10854870080947876,0.0,0.14116640388965607,0.0,6.29150390625,0.0,101.637939453125,0.0
350.0,0.445450285156312,0.0,0.4067136627820034,0.0,0.21233514696359634,0.0,0.07208696794077696,0.0,0.7214997410774231,0.0,0.10557352751493454,0.0,0.13694755733013153,0.0,6.455322265625,0.0,101.637939453125,0.0
351.0,0.46564296564395136,0.0,0.4097266796609098,0.0,0.20894207805395126,0.0,0.06943190735773896,0.0,0.7115494012832642,0.0,0.10266469419002533,0.0,0.13282543420791626,0.0,6.6162109375,0.0,101.63671875,0.0
352.0,0.48596969709763016,0.0,0.41221246402145795,0.0,0.20576725527644157,0.0,0.0668671599935351,0.0,0.7015140056610107,0.0,0.0998244658112526,0.0,0.1288033276796341,0.0,6.774169921875,0.0,101.63427734375,0.0
353.0,0.5064015414864116,0.0,0.414176797479044,0.0,0.20281586796045303,0.0,0.06439205542244508,0.0,0.6914073824882507,0.0,0.0970548465847969,0.0,0.12488407641649246,0.0,6.92919921875,0.0,101.630615234375,0.0
354.0,0.5269098886028587,0.0,0.4156261172843614,0.0,0.20009326562285423,0.0,0.062005710871176234,0.0,0.6812430620193481,0.0,0.09435760974884033,0.0,0.12107004970312119,0.0,7.080810546875,0.0,101.62548828125,0.0
355.0,0.5474662176435459,0.0,0.4165674567212321,0.0,0.19760514423251152,0.0,0.05970703121943188,0.0,0.6710344552993774,0.0,0.09173431992530823,0.0,0.11736323684453964,0.0,7.229248046875,0.0,101.619384765625,0.0
356.0,0.5680423356269557,0.0,0.4170083557036257,0.0,0.19535747542977333,0.0,0.05749474997850257,0.0,0.6607944965362549,0.0,0.08918635547161102,0.0,0.11376526206731796,0.0,7.374267578125,0.0,101.612060546875,0.0
357.0,0.5886102283815262,0.0,0.4169565925597709,0.0,0.19335664808750153,0.0,0.05536747026894773,0.0,0.6505358815193176,0.0,0.08671492338180542,0.0,0.11027742177248001,0.0,7.515625,0.0,101.603759765625,0.0
358.0,0.6091421797552812,0.0,0.416420124433035,0.0,0.19160952046513557,0.0,0.05332367972289376,0.0,0.6402709484100342,0.0,0.08432108908891678,0.0,0.10690075159072876,0.0,7.653076171875,0.0,101.59423828125,0.0
359.0,0.6296107120106171,0.0,0.415406997880158,0.0,0.19012346863746643,0.0,0.051361776560668204,0.0,0.6300116777420044,0.0,0.0820058137178421,0.0,0.10363601893186569,0.0,7.786865234375,0.0,101.58349609375,0.0
360.0,0.6499883474067474,0.0,0.4139251402592734,0.0,0.18890654295682907,0.0,0.049480099393633736,0.0,0.6197697520256042,0.0,0.07976995408535004,0.0,0.10048380494117737,0.0,7.91650390625,0.0,101.57177734375,0.0
361.0,0.6702478466186221,0.0,0.41198230012802384,0.0,0.18796751275658607,0.0,0.04767694212534934,0.0,0.6095564961433411,0.0,0.07761429995298386,0.0,0.09744451195001602,0.0,8.0419921875,0.0,101.55908203125,0.0
362.0,0.6903620299239037,0.0,0.40958577902377336,0.0,0.1873159408569336,0.0,0.045950583754404306,0.0,0.599382758140564,0.0,0.07553958892822266,0.0,0.09451842308044434,0.0,8.1630859375,0.0,101.54541015625,0.0
363.0,0.7103037772033076,0.0,0.4067424910677424,0.0,0.18696239963173866,0.0,0.04429929955006173,0.0,0.5892592072486877,0.0,0.07354657351970673,0.0,0.09170573204755783,0.0,8.27978515625,0.0,101.53076171875,0.0
364.0,0.7300456107092259,0.0,0.4034586649400431,0.0,0.186918493360281,0.0,0.042721383404511926,0.0,0.5791960954666138,0.0,0.07163599133491516,0.0,0.08900658786296844,0.0,8.39208984375,0.0,101.514892578125,0.0
365.0,0.7495601719028855,0.0,0.3997397842725352,0.0,0.18719705566763878,0.0,0.04121516273397674,0.0,0.5692033767700195,0.0,0.06980863213539124,0.0,0.08642112463712692,0.0,8.49951171875,0.0,101.498291015625,0.0
